name,category,density_kg_m3,specific_heat_capacity_J_kg_K,conductivity_w_mk,conductivity_btu_hr_ft_F,resistivity_hr_ft2_F_Btu_in,emissivity,ARGB_COLOR,display_name,source,DATASHEET,comments
1in. Imperial Polyurethane,Doors,,,0.0548,0.0317,2.630,0.90,"255,255,255,0",1in. Imperial Polyurethane [R-2.63/in.],Manufacturer Datasheet,,Ceco Door - Assa Abloy
1in. Imperial Polyurethane and Embossed,Doors,,,0.0563,0.0326,2.560,0.90,"255,255,255,0",1in. Imperial Polyurethane and Embossed [R-2.56/in.],Manufacturer Datasheet,,Ceco Door - Assa Abloy
1in. Imperial Polyurethane and Half-Glass,Doors,,,0.0591,0.0342,2.440,0.90,"255,255,255,0",1in. Imperial Polyurethane and Half-Glass [R-2.44/in.],Manufacturer Datasheet,,Ceco Door - Assa Abloy
1in. Legion Polystyrene,Doors,,,0.0619,0.0358,2.330,0.90,"255,255,255,0",1in. Legion Polystyrene [R-2.33/in.],Manufacturer Datasheet,,Ceco Door - Assa Abloy
1in. Legion Polystyrene and Half-Glass,Doors,,,0.0665,0.0384,2.170,0.90,"255,255,255,0",1in. Legion Polystyrene and Half-Glass [R-2.17/in.],Manufacturer Datasheet,,Ceco Door - Assa Abloy
1in. Medallion Steel Stiffened,Doors,,,0.0925,0.0534,1.560,0.90,"255,255,255,0",1in. Medallion Steel Stiffened [R-1.56/in.],Manufacturer Datasheet,,Ceco Door - Assa Abloy
1in. Trio-E Polyurethane and Steel Stiffened,Doors,,,0.0519,0.0300,2.780,0.90,"255,255,255,0",1in. Trio-E Polyurethane and Steel Stiffened [R-2.78/in.],Manufacturer Datasheet,,Ceco Door - Assa Abloy
AAC Block,Insulations,,,0.1090,0.0630,1.323,0.90,"255,230,230,230",AAC Block [R-1.32/in.],,,
Aerated Concrete,Insulations,,,0.1190,0.0688,1.212,0.90,"255,230,230,230",Aerated Concrete [R-1.21/in.],WUFI-Passive Database,,
"Air layer, unventilated, downwards, thickness: 1 mm",Air: Downward Heatflow,1.30,1000.00,0.0455,0.0263,3.170,0.90,"255,175,240,255","Air layer, unventilated, downwards, thickness: 1 mm [R-3.17/in.]",ISO 6946 Method,,
"Air layer, unventilated, downwards, thickness: 2 mm",Air: Downward Heatflow,1.30,1000.00,0.0455,0.0263,3.170,0.90,"255,175,240,255","Air layer, unventilated, downwards, thickness: 2 mm [R-3.17/in.]",ISO 6946 Method,,
"Air layer, unventilated, downwards, thickness: 3 mm",Air: Downward Heatflow,1.30,1000.00,0.0455,0.0263,3.170,0.90,"255,175,240,255","Air layer, unventilated, downwards, thickness: 3 mm [R-3.17/in.]",ISO 6946 Method,,
"Air layer, unventilated, downwards, thickness: 4 mm",Air: Downward Heatflow,1.30,1000.00,0.0455,0.0263,3.170,0.90,"255,175,240,255","Air layer, unventilated, downwards, thickness: 4 mm [R-3.17/in.]",ISO 6946 Method,,
"Air layer, unventilated, downwards, thickness: 5 mm",Air: Downward Heatflow,1.30,1000.00,0.0455,0.0263,3.170,0.90,"255,175,240,255","Air layer, unventilated, downwards, thickness: 5 mm [R-3.17/in.]",ISO 6946 Method,,
"Air layer, unventilated, downwards, thickness: 6 mm",Air: Downward Heatflow,1.30,1000.00,0.0500,0.0289,2.885,0.90,"255,175,240,255","Air layer, unventilated, downwards, thickness: 6 mm [R-2.88/in.]",ISO 6946 Method,,
"Air layer, unventilated, downwards, thickness: 7 mm",Air: Downward Heatflow,1.30,1000.00,0.0538,0.0311,2.681,0.90,"255,175,240,255","Air layer, unventilated, downwards, thickness: 7 mm [R-2.68/in.]",ISO 6946 Method,,
"Air layer, unventilated, downwards, thickness: 8 mm",Air: Downward Heatflow,1.30,1000.00,0.0585,0.0338,2.465,0.90,"255,175,240,255","Air layer, unventilated, downwards, thickness: 8 mm [R-2.47/in.]",ISO 6946 Method,,
"Air layer, unventilated, downwards, thickness: 9 mm",Air: Downward Heatflow,1.30,1000.00,0.0628,0.0363,2.297,0.90,"255,175,240,255","Air layer, unventilated, downwards, thickness: 9 mm [R-2.3/in.]",ISO 6946 Method,,
"Air layer, unventilated, downwards, thickness: 10 mm",Air: Downward Heatflow,1.30,1000.00,0.0667,0.0385,2.162,0.90,"255,175,240,255","Air layer, unventilated, downwards, thickness: 10 mm [R-2.16/in.]",ISO 6946 Method,,
"Air layer, unventilated, downwards, thickness: 11 mm",Air: Downward Heatflow,1.30,1000.00,0.0714,0.0413,2.020,0.90,"255,175,240,255","Air layer, unventilated, downwards, thickness: 11 mm [R-2.02/in.]",ISO 6946 Method,,
"Air layer, unventilated, downwards, thickness: 12 mm",Air: Downward Heatflow,1.30,1000.00,0.0759,0.0439,1.900,0.90,"255,175,240,255","Air layer, unventilated, downwards, thickness: 12 mm [R-1.9/in.]",ISO 6946 Method,,
"Air layer, unventilated, downwards, thickness: 13 mm",Air: Downward Heatflow,1.30,1000.00,0.0802,0.0463,1.798,0.90,"255,175,240,255","Air layer, unventilated, downwards, thickness: 13 mm [R-1.8/in.]",ISO 6946 Method,,
"Air layer, unventilated, downwards, thickness: 14 mm",Air: Downward Heatflow,1.30,1000.00,0.0843,0.0487,1.711,0.90,"255,175,240,255","Air layer, unventilated, downwards, thickness: 14 mm [R-1.71/in.]",ISO 6946 Method,,
"Air layer, unventilated, downwards, thickness: 15 mm",Air: Downward Heatflow,1.30,1000.00,0.0882,0.0510,1.635,0.90,"255,175,240,255","Air layer, unventilated, downwards, thickness: 15 mm [R-1.64/in.]",ISO 6946 Method,,
"Air layer, unventilated, downwards, thickness: 16 mm",Air: Downward Heatflow,1.30,1000.00,0.0930,0.0537,1.551,0.90,"255,175,240,255","Air layer, unventilated, downwards, thickness: 16 mm [R-1.55/in.]",ISO 6946 Method,,
"Air layer, unventilated, downwards, thickness: 17 mm",Air: Downward Heatflow,1.30,1000.00,0.0977,0.0565,1.476,0.90,"255,175,240,255","Air layer, unventilated, downwards, thickness: 17 mm [R-1.48/in.]",ISO 6946 Method,,
"Air layer, unventilated, downwards, thickness: 18 mm",Air: Downward Heatflow,1.30,1000.00,0.1023,0.0591,1.410,0.90,"255,175,240,255","Air layer, unventilated, downwards, thickness: 18 mm [R-1.41/in.]",ISO 6946 Method,,
"Air layer, unventilated, downwards, thickness: 19 mm",Air: Downward Heatflow,1.30,1000.00,0.1067,0.0617,1.352,0.90,"255,175,240,255","Air layer, unventilated, downwards, thickness: 19 mm [R-1.35/in.]",ISO 6946 Method,,
"Air layer, unventilated, downwards, thickness: 20 mm",Air: Downward Heatflow,1.30,1000.00,0.1111,0.0642,1.298,0.90,"255,175,240,255","Air layer, unventilated, downwards, thickness: 20 mm [R-1.3/in.]",ISO 6946 Method,,
"Air layer, unventilated, downwards, thickness: 21 mm",Air: Downward Heatflow,1.30,1000.00,0.1154,0.0667,1.250,0.90,"255,175,240,255","Air layer, unventilated, downwards, thickness: 21 mm [R-1.25/in.]",ISO 6946 Method,,
"Air layer, unventilated, downwards, thickness: 22 mm",Air: Downward Heatflow,1.30,1000.00,0.1196,0.0691,1.206,0.90,"255,175,240,255","Air layer, unventilated, downwards, thickness: 22 mm [R-1.21/in.]",ISO 6946 Method,,
"Air layer, unventilated, downwards, thickness: 23 mm",Air: Downward Heatflow,1.30,1000.00,0.1237,0.0715,1.166,0.90,"255,175,240,255","Air layer, unventilated, downwards, thickness: 23 mm [R-1.17/in.]",ISO 6946 Method,,
"Air layer, unventilated, downwards, thickness: 24 mm",Air: Downward Heatflow,1.30,1000.00,0.1277,0.0738,1.129,0.90,"255,175,240,255","Air layer, unventilated, downwards, thickness: 24 mm [R-1.13/in.]",ISO 6946 Method,,
"Air layer, unventilated, downwards, thickness: 25 mm",Air: Downward Heatflow,1.30,1000.00,0.1316,0.0760,1.096,0.90,"255,175,240,255","Air layer, unventilated, downwards, thickness: 25 mm [R-1.1/in.]",ISO 6946 Method,,
"Air layer, unventilated, downwards, thickness: 30 mm",Air: Downward Heatflow,1.30,1000.00,0.1546,0.0893,0.933,0.90,"255,175,240,255","Air layer, unventilated, downwards, thickness: 30 mm [R-0.93/in.]",ISO 6946 Method,,
"Air layer, unventilated, downwards, thickness: 35 mm",Air: Downward Heatflow,1.30,1000.00,0.1768,0.1022,0.816,0.90,"255,175,240,255","Air layer, unventilated, downwards, thickness: 35 mm [R-0.82/in.]",ISO 6946 Method,,
"Air layer, unventilated, downwards, thickness: 40 mm",Air: Downward Heatflow,1.30,1000.00,0.1980,0.1144,0.728,0.90,"255,175,240,255","Air layer, unventilated, downwards, thickness: 40 mm [R-0.73/in.]",ISO 6946 Method,,
"Air layer, unventilated, downwards, thickness: 45 mm",Air: Downward Heatflow,1.30,1000.00,0.2184,0.1262,0.660,0.90,"255,175,240,255","Air layer, unventilated, downwards, thickness: 45 mm [R-0.66/in.]",ISO 6946 Method,,
"Air layer, unventilated, downwards, thickness: 50 mm",Air: Downward Heatflow,1.30,1000.00,0.2381,0.1376,0.606,0.90,"255,175,240,255","Air layer, unventilated, downwards, thickness: 50 mm [R-0.61/in.]",ISO 6946 Method,,
"Air layer, unventilated, downwards, thickness: 55 mm",Air: Downward Heatflow,1.30,1000.00,0.2607,0.1506,0.553,0.90,"255,175,240,255","Air layer, unventilated, downwards, thickness: 55 mm [R-0.55/in.]",ISO 6946 Method,,
"Air layer, unventilated, downwards, thickness: 60 mm",Air: Downward Heatflow,1.30,1000.00,0.2830,0.1635,0.510,0.90,"255,175,240,255","Air layer, unventilated, downwards, thickness: 60 mm [R-0.51/in.]",ISO 6946 Method,,
"Air layer, unventilated, downwards, thickness: 65 mm",Air: Downward Heatflow,1.30,1000.00,0.3052,0.1763,0.473,0.90,"255,175,240,255","Air layer, unventilated, downwards, thickness: 65 mm [R-0.47/in.]",ISO 6946 Method,,
"Air layer, unventilated, downwards, thickness: 70 mm",Air: Downward Heatflow,1.30,1000.00,0.3271,0.1890,0.441,0.90,"255,175,240,255","Air layer, unventilated, downwards, thickness: 70 mm [R-0.44/in.]",ISO 6946 Method,,
"Air layer, unventilated, downwards, thickness: 75 mm",Air: Downward Heatflow,1.30,1000.00,0.3488,0.2015,0.413,0.90,"255,175,240,255","Air layer, unventilated, downwards, thickness: 75 mm [R-0.41/in.]",ISO 6946 Method,,
"Air layer, unventilated, downwards, thickness: 80 mm",Air: Downward Heatflow,1.30,1000.00,0.3704,0.2140,0.389,0.90,"255,175,240,255","Air layer, unventilated, downwards, thickness: 80 mm [R-0.39/in.]",ISO 6946 Method,,
"Air layer, unventilated, downwards, thickness: 85 mm",Air: Downward Heatflow,1.30,1000.00,0.3917,0.2263,0.368,0.90,"255,175,240,255","Air layer, unventilated, downwards, thickness: 85 mm [R-0.37/in.]",ISO 6946 Method,,
"Air layer, unventilated, downwards, thickness: 90 mm",Air: Downward Heatflow,1.30,1000.00,0.4128,0.2385,0.349,0.90,"255,175,240,255","Air layer, unventilated, downwards, thickness: 90 mm [R-0.35/in.]",ISO 6946 Method,,
"Air layer, unventilated, downwards, thickness: 95 mm",Air: Downward Heatflow,1.30,1000.00,0.4338,0.2506,0.332,0.90,"255,175,240,255","Air layer, unventilated, downwards, thickness: 95 mm [R-0.33/in.]",ISO 6946 Method,,
"Air layer, unventilated, downwards, thickness: 100 mm",Air: Downward Heatflow,1.30,1000.00,0.4545,0.2626,0.317,0.90,"255,175,240,255","Air layer, unventilated, downwards, thickness: 100 mm [R-0.32/in.]",ISO 6946 Method,,
"Air layer, unventilated, downwards, thickness: 110 mm",Air: Downward Heatflow,1.30,1000.00,0.4989,0.2883,0.289,0.90,"255,175,240,255","Air layer, unventilated, downwards, thickness: 110 mm [R-0.29/in.]",ISO 6946 Method,,
"Air layer, unventilated, downwards, thickness: 120 mm",Air: Downward Heatflow,1.30,1000.00,0.5430,0.3137,0.266,0.90,"255,175,240,255","Air layer, unventilated, downwards, thickness: 120 mm [R-0.27/in.]",ISO 6946 Method,,
"Air layer, unventilated, downwards, thickness: 130 mm",Air: Downward Heatflow,1.30,1000.00,0.5869,0.3391,0.246,0.90,"255,175,240,255","Air layer, unventilated, downwards, thickness: 130 mm [R-0.25/in.]",ISO 6946 Method,,
"Air layer, unventilated, downwards, thickness: 140 mm",Air: Downward Heatflow,1.30,1000.00,0.6306,0.3644,0.229,0.90,"255,175,240,255","Air layer, unventilated, downwards, thickness: 140 mm [R-0.23/in.]",ISO 6946 Method,,
"Air layer, unventilated, downwards, thickness: 150 mm",Air: Downward Heatflow,1.30,1000.00,0.6742,0.3895,0.214,0.90,"255,175,240,255","Air layer, unventilated, downwards, thickness: 150 mm [R-0.21/in.]",ISO 6946 Method,,
"Air layer, unventilated, downwards, thickness: 160 mm",Air: Downward Heatflow,1.30,1000.00,0.7175,0.4146,0.201,0.90,"255,175,240,255","Air layer, unventilated, downwards, thickness: 160 mm [R-0.2/in.]",ISO 6946 Method,,
"Air layer, unventilated, downwards, thickness: 170 mm",Air: Downward Heatflow,1.30,1000.00,0.7606,0.4395,0.190,0.90,"255,175,240,255","Air layer, unventilated, downwards, thickness: 170 mm [R-0.19/in.]",ISO 6946 Method,,
"Air layer, unventilated, downwards, thickness: 180 mm",Air: Downward Heatflow,1.30,1000.00,0.8036,0.4643,0.179,0.90,"255,175,240,255","Air layer, unventilated, downwards, thickness: 180 mm [R-0.18/in.]",ISO 6946 Method,,
"Air layer, unventilated, downwards, thickness: 190 mm",Air: Downward Heatflow,1.30,1000.00,0.8463,0.4890,0.170,0.90,"255,175,240,255","Air layer, unventilated, downwards, thickness: 190 mm [R-0.17/in.]",ISO 6946 Method,,
"Air layer, unventilated, downwards, thickness: 200 mm",Air: Downward Heatflow,1.30,1000.00,0.8889,0.5136,0.162,0.90,"255,175,240,255","Air layer, unventilated, downwards, thickness: 200 mm [R-0.16/in.]",ISO 6946 Method,,
"Air layer, unventilated, downwards, thickness: 210 mm",Air: Downward Heatflow,1.30,1000.00,0.9313,0.5381,0.155,0.90,"255,175,240,255","Air layer, unventilated, downwards, thickness: 210 mm [R-0.15/in.]",ISO 6946 Method,,
"Air layer, unventilated, downwards, thickness: 220 mm",Air: Downward Heatflow,1.30,1000.00,0.9735,0.5625,0.148,0.90,"255,175,240,255","Air layer, unventilated, downwards, thickness: 220 mm [R-0.15/in.]",ISO 6946 Method,,
"Air layer, unventilated, downwards, thickness: 230 mm",Air: Downward Heatflow,1.30,1000.00,1.0155,0.5867,0.142,0.90,"255,175,240,255","Air layer, unventilated, downwards, thickness: 230 mm [R-0.14/in.]",ISO 6946 Method,,
"Air layer, unventilated, downwards, thickness: 240 mm",Air: Downward Heatflow,1.30,1000.00,1.0573,0.6109,0.136,0.90,"255,175,240,255","Air layer, unventilated, downwards, thickness: 240 mm [R-0.14/in.]",ISO 6946 Method,,
"Air layer, unventilated, downwards, thickness: 250 mm",Air: Downward Heatflow,1.30,1000.00,1.0989,0.6349,0.131,0.90,"255,175,240,255","Air layer, unventilated, downwards, thickness: 250 mm [R-0.13/in.]",ISO 6946 Method,,
"Air layer, unventilated, downwards, thickness: 260 mm",Air: Downward Heatflow,1.30,1000.00,1.1404,0.6589,0.126,0.90,"255,175,240,255","Air layer, unventilated, downwards, thickness: 260 mm [R-0.13/in.]",ISO 6946 Method,,
"Air layer, unventilated, downwards, thickness: 270 mm",Air: Downward Heatflow,1.30,1000.00,1.1816,0.6827,0.122,0.90,"255,175,240,255","Air layer, unventilated, downwards, thickness: 270 mm [R-0.12/in.]",ISO 6946 Method,,
"Air layer, unventilated, downwards, thickness: 280 mm",Air: Downward Heatflow,1.30,1000.00,1.2227,0.7065,0.118,0.90,"255,175,240,255","Air layer, unventilated, downwards, thickness: 280 mm [R-0.12/in.]",ISO 6946 Method,,
"Air layer, unventilated, downwards, thickness: 290 mm",Air: Downward Heatflow,1.30,1000.00,1.2636,0.7301,0.114,0.90,"255,175,240,255","Air layer, unventilated, downwards, thickness: 290 mm [R-0.11/in.]",ISO 6946 Method,,
"Air layer, unventilated, downwards, thickness: 300 mm",Air: Downward Heatflow,1.30,1000.00,1.3043,0.7536,0.111,0.90,"255,175,240,255","Air layer, unventilated, downwards, thickness: 300 mm [R-0.11/in.]",ISO 6946 Method,,
"Air layer, unventilated, horizontal, thickness: 1 mm",Air: Horiz. Heatflow,1.30,1000.00,0.0455,0.0263,3.170,0.90,"255,175,240,255","Air layer, unventilated, horizontal, thickness: 1 mm [R-3.17/in.]",ISO 6946 Method,,
"Air layer, unventilated, horizontal, thickness: 2 mm",Air: Horiz. Heatflow,1.30,1000.00,0.0455,0.0263,3.170,0.90,"255,175,240,255","Air layer, unventilated, horizontal, thickness: 2 mm [R-3.17/in.]",ISO 6946 Method,,
"Air layer, unventilated, horizontal, thickness: 3 mm",Air: Horiz. Heatflow,1.30,1000.00,0.0455,0.0263,3.170,0.90,"255,175,240,255","Air layer, unventilated, horizontal, thickness: 3 mm [R-3.17/in.]",ISO 6946 Method,,
"Air layer, unventilated, horizontal, thickness: 4 mm",Air: Horiz. Heatflow,1.30,1000.00,0.0455,0.0263,3.170,0.90,"255,175,240,255","Air layer, unventilated, horizontal, thickness: 4 mm [R-3.17/in.]",ISO 6946 Method,,
"Air layer, unventilated, horizontal, thickness: 5 mm",Air: Horiz. Heatflow,1.30,1000.00,0.0455,0.0263,3.170,0.90,"255,175,240,255","Air layer, unventilated, horizontal, thickness: 5 mm [R-3.17/in.]",ISO 6946 Method,,
"Air layer, unventilated, horizontal, thickness: 6 mm",Air: Horiz. Heatflow,1.30,1000.00,0.0500,0.0289,2.885,0.90,"255,175,240,255","Air layer, unventilated, horizontal, thickness: 6 mm [R-2.88/in.]",ISO 6946 Method,,
"Air layer, unventilated, horizontal, thickness: 7 mm",Air: Horiz. Heatflow,1.30,1000.00,0.0538,0.0311,2.681,0.90,"255,175,240,255","Air layer, unventilated, horizontal, thickness: 7 mm [R-2.68/in.]",ISO 6946 Method,,
"Air layer, unventilated, horizontal, thickness: 8 mm",Air: Horiz. Heatflow,1.30,1000.00,0.0585,0.0338,2.465,0.90,"255,175,240,255","Air layer, unventilated, horizontal, thickness: 8 mm [R-2.47/in.]",ISO 6946 Method,,
"Air layer, unventilated, horizontal, thickness: 9 mm",Air: Horiz. Heatflow,1.30,1000.00,0.0628,0.0363,2.297,0.90,"255,175,240,255","Air layer, unventilated, horizontal, thickness: 9 mm [R-2.3/in.]",ISO 6946 Method,,
"Air layer, unventilated, horizontal, thickness: 10 mm",Air: Horiz. Heatflow,1.30,1000.00,0.0667,0.0385,2.162,0.90,"255,175,240,255","Air layer, unventilated, horizontal, thickness: 10 mm [R-2.16/in.]",ISO 6946 Method,,
"Air layer, unventilated, horizontal, thickness: 11 mm",Air: Horiz. Heatflow,1.30,1000.00,0.0714,0.0413,2.020,0.90,"255,175,240,255","Air layer, unventilated, horizontal, thickness: 11 mm [R-2.02/in.]",ISO 6946 Method,,
"Air layer, unventilated, horizontal, thickness: 12 mm",Air: Horiz. Heatflow,1.30,1000.00,0.0759,0.0439,1.900,0.90,"255,175,240,255","Air layer, unventilated, horizontal, thickness: 12 mm [R-1.9/in.]",ISO 6946 Method,,
"Air layer, unventilated, horizontal, thickness: 13 mm",Air: Horiz. Heatflow,1.30,1000.00,0.0802,0.0463,1.798,0.90,"255,175,240,255","Air layer, unventilated, horizontal, thickness: 13 mm [R-1.8/in.]",ISO 6946 Method,,
"Air layer, unventilated, horizontal, thickness: 14 mm",Air: Horiz. Heatflow,1.30,1000.00,0.0843,0.0487,1.711,0.90,"255,175,240,255","Air layer, unventilated, horizontal, thickness: 14 mm [R-1.71/in.]",ISO 6946 Method,,
"Air layer, unventilated, horizontal, thickness: 15 mm",Air: Horiz. Heatflow,1.30,1000.00,0.0882,0.0510,1.635,0.90,"255,175,240,255","Air layer, unventilated, horizontal, thickness: 15 mm [R-1.64/in.]",ISO 6946 Method,,
"Air layer, unventilated, horizontal, thickness: 16 mm",Air: Horiz. Heatflow,1.30,1000.00,0.0889,0.0514,1.622,0.90,"255,175,240,255","Air layer, unventilated, horizontal, thickness: 16 mm [R-1.62/in.]",ISO 6946 Method,,
"Air layer, unventilated, horizontal, thickness: 17 mm",Air: Horiz. Heatflow,1.30,1000.00,0.0944,0.0545,1.528,0.90,"255,175,240,255","Air layer, unventilated, horizontal, thickness: 17 mm [R-1.53/in.]",ISO 6946 Method,,
"Air layer, unventilated, horizontal, thickness: 18 mm",Air: Horiz. Heatflow,1.30,1000.00,0.1000,0.0578,1.442,0.90,"255,175,240,255","Air layer, unventilated, horizontal, thickness: 18 mm [R-1.44/in.]",ISO 6946 Method,,
"Air layer, unventilated, horizontal, thickness: 19 mm",Air: Horiz. Heatflow,1.30,1000.00,0.1056,0.0610,1.366,0.90,"255,175,240,255","Air layer, unventilated, horizontal, thickness: 19 mm [R-1.37/in.]",ISO 6946 Method,,
"Air layer, unventilated, horizontal, thickness: 20 mm",Air: Horiz. Heatflow,1.30,1000.00,0.1111,0.0642,1.298,0.90,"255,175,240,255","Air layer, unventilated, horizontal, thickness: 20 mm [R-1.3/in.]",ISO 6946 Method,,
"Air layer, unventilated, horizontal, thickness: 21 mm",Air: Horiz. Heatflow,1.30,1000.00,0.1167,0.0674,1.236,0.90,"255,175,240,255","Air layer, unventilated, horizontal, thickness: 21 mm [R-1.24/in.]",ISO 6946 Method,,
"Air layer, unventilated, horizontal, thickness: 22 mm",Air: Horiz. Heatflow,1.30,1000.00,0.1222,0.0706,1.180,0.90,"255,175,240,255","Air layer, unventilated, horizontal, thickness: 22 mm [R-1.18/in.]",ISO 6946 Method,,
"Air layer, unventilated, horizontal, thickness: 23 mm",Air: Horiz. Heatflow,1.30,1000.00,0.1278,0.0738,1.129,0.90,"255,175,240,255","Air layer, unventilated, horizontal, thickness: 23 mm [R-1.13/in.]",ISO 6946 Method,,
"Air layer, unventilated, horizontal, thickness: 24 mm",Air: Horiz. Heatflow,1.30,1000.00,0.1333,0.0770,1.082,0.90,"255,175,240,255","Air layer, unventilated, horizontal, thickness: 24 mm [R-1.08/in.]",ISO 6946 Method,,
"Air layer, unventilated, horizontal, thickness: 25 mm",Air: Horiz. Heatflow,1.30,1000.00,0.1389,0.0803,1.038,0.90,"255,175,240,255","Air layer, unventilated, horizontal, thickness: 25 mm [R-1.04/in.]",ISO 6946 Method,,
"Air layer, unventilated, horizontal, thickness: 30 mm",Air: Horiz. Heatflow,1.30,1000.00,0.1667,0.0963,0.865,0.90,"255,175,240,255","Air layer, unventilated, horizontal, thickness: 30 mm [R-0.87/in.]",ISO 6946 Method,,
"Air layer, unventilated, horizontal, thickness: 35 mm",Air: Horiz. Heatflow,1.30,1000.00,0.1944,0.1123,0.742,0.90,"255,175,240,255","Air layer, unventilated, horizontal, thickness: 35 mm [R-0.74/in.]",ISO 6946 Method,,
"Air layer, unventilated, horizontal, thickness: 40 mm",Air: Horiz. Heatflow,1.30,1000.00,0.2222,0.1284,0.649,0.90,"255,175,240,255","Air layer, unventilated, horizontal, thickness: 40 mm [R-0.65/in.]",ISO 6946 Method,,
"Air layer, unventilated, horizontal, thickness: 45 mm",Air: Horiz. Heatflow,1.30,1000.00,0.2500,0.1444,0.577,0.90,"255,175,240,255","Air layer, unventilated, horizontal, thickness: 45 mm [R-0.58/in.]",ISO 6946 Method,,
"Air layer, unventilated, horizontal, thickness: 50 mm",Air: Horiz. Heatflow,1.30,1000.00,0.2778,0.1605,0.519,0.90,"255,175,240,255","Air layer, unventilated, horizontal, thickness: 50 mm [R-0.52/in.]",ISO 6946 Method,,
"Air layer, unventilated, horizontal, thickness: 55 mm",Air: Horiz. Heatflow,1.30,1000.00,0.3056,0.1766,0.472,0.90,"255,175,240,255","Air layer, unventilated, horizontal, thickness: 55 mm [R-0.47/in.]",ISO 6946 Method,,
"Air layer, unventilated, horizontal, thickness: 60 mm",Air: Horiz. Heatflow,1.30,1000.00,0.3333,0.1926,0.433,0.90,"255,175,240,255","Air layer, unventilated, horizontal, thickness: 60 mm [R-0.43/in.]",ISO 6946 Method,,
"Air layer, unventilated, horizontal, thickness: 65 mm",Air: Horiz. Heatflow,1.30,1000.00,0.3611,0.2086,0.399,0.90,"255,175,240,255","Air layer, unventilated, horizontal, thickness: 65 mm [R-0.4/in.]",ISO 6946 Method,,
"Air layer, unventilated, horizontal, thickness: 70 mm",Air: Horiz. Heatflow,1.30,1000.00,0.3889,0.2247,0.371,0.90,"255,175,240,255","Air layer, unventilated, horizontal, thickness: 70 mm [R-0.37/in.]",ISO 6946 Method,,
"Air layer, unventilated, horizontal, thickness: 75 mm",Air: Horiz. Heatflow,1.30,1000.00,0.4167,0.2408,0.346,0.90,"255,175,240,255","Air layer, unventilated, horizontal, thickness: 75 mm [R-0.35/in.]",ISO 6946 Method,,
"Air layer, unventilated, horizontal, thickness: 80 mm",Air: Horiz. Heatflow,1.30,1000.00,0.4444,0.2568,0.325,0.90,"255,175,240,255","Air layer, unventilated, horizontal, thickness: 80 mm [R-0.32/in.]",ISO 6946 Method,,
"Air layer, unventilated, horizontal, thickness: 85 mm",Air: Horiz. Heatflow,1.30,1000.00,0.4722,0.2728,0.305,0.90,"255,175,240,255","Air layer, unventilated, horizontal, thickness: 85 mm [R-0.31/in.]",ISO 6946 Method,,
"Air layer, unventilated, horizontal, thickness: 90 mm",Air: Horiz. Heatflow,1.30,1000.00,0.5000,0.2889,0.288,0.90,"255,175,240,255","Air layer, unventilated, horizontal, thickness: 90 mm [R-0.29/in.]",ISO 6946 Method,,
"Air layer, unventilated, horizontal, thickness: 95 mm",Air: Horiz. Heatflow,1.30,1000.00,0.5278,0.3050,0.273,0.90,"255,175,240,255","Air layer, unventilated, horizontal, thickness: 95 mm [R-0.27/in.]",ISO 6946 Method,,
"Air layer, unventilated, horizontal, thickness: 100 mm",Air: Horiz. Heatflow,1.30,1000.00,0.5556,0.3210,0.260,0.90,"255,175,240,255","Air layer, unventilated, horizontal, thickness: 100 mm [R-0.26/in.]",ISO 6946 Method,,
"Air layer, unventilated, horizontal, thickness: 110 mm",Air: Horiz. Heatflow,1.30,1000.00,0.6111,0.3531,0.236,0.90,"255,175,240,255","Air layer, unventilated, horizontal, thickness: 110 mm [R-0.24/in.]",ISO 6946 Method,,
"Air layer, unventilated, horizontal, thickness: 120 mm",Air: Horiz. Heatflow,1.30,1000.00,0.6667,0.3852,0.216,0.90,"255,175,240,255","Air layer, unventilated, horizontal, thickness: 120 mm [R-0.22/in.]",ISO 6946 Method,,
"Air layer, unventilated, horizontal, thickness: 130 mm",Air: Horiz. Heatflow,1.30,1000.00,0.7222,0.4173,0.200,0.90,"255,175,240,255","Air layer, unventilated, horizontal, thickness: 130 mm [R-0.2/in.]",ISO 6946 Method,,
"Air layer, unventilated, horizontal, thickness: 140 mm",Air: Horiz. Heatflow,1.30,1000.00,0.7778,0.4494,0.185,0.90,"255,175,240,255","Air layer, unventilated, horizontal, thickness: 140 mm [R-0.19/in.]",ISO 6946 Method,,
"Air layer, unventilated, horizontal, thickness: 150 mm",Air: Horiz. Heatflow,1.30,1000.00,0.8333,0.4815,0.173,0.90,"255,175,240,255","Air layer, unventilated, horizontal, thickness: 150 mm [R-0.17/in.]",ISO 6946 Method,,
"Air layer, unventilated, horizontal, thickness: 160 mm",Air: Horiz. Heatflow,1.30,1000.00,0.8889,0.5136,0.162,0.90,"255,175,240,255","Air layer, unventilated, horizontal, thickness: 160 mm [R-0.16/in.]",ISO 6946 Method,,
"Air layer, unventilated, horizontal, thickness: 170 mm",Air: Horiz. Heatflow,1.30,1000.00,0.9444,0.5457,0.153,0.90,"255,175,240,255","Air layer, unventilated, horizontal, thickness: 170 mm [R-0.15/in.]",ISO 6946 Method,,
"Air layer, unventilated, horizontal, thickness: 180 mm",Air: Horiz. Heatflow,1.30,1000.00,1.0000,0.5778,0.144,0.90,"255,175,240,255","Air layer, unventilated, horizontal, thickness: 180 mm [R-0.14/in.]",ISO 6946 Method,,
"Air layer, unventilated, horizontal, thickness: 190 mm",Air: Horiz. Heatflow,1.30,1000.00,1.0556,0.6099,0.137,0.90,"255,175,240,255","Air layer, unventilated, horizontal, thickness: 190 mm [R-0.14/in.]",ISO 6946 Method,,
"Air layer, unventilated, horizontal, thickness: 200 mm",Air: Horiz. Heatflow,1.30,1000.00,1.1111,0.6420,0.130,0.90,"255,175,240,255","Air layer, unventilated, horizontal, thickness: 200 mm [R-0.13/in.]",ISO 6946 Method,,
"Air layer, unventilated, horizontal, thickness: 210 mm",Air: Horiz. Heatflow,1.30,1000.00,1.1667,0.6741,0.124,0.90,"255,175,240,255","Air layer, unventilated, horizontal, thickness: 210 mm [R-0.12/in.]",ISO 6946 Method,,
"Air layer, unventilated, horizontal, thickness: 220 mm",Air: Horiz. Heatflow,1.30,1000.00,1.2222,0.7062,0.118,0.90,"255,175,240,255","Air layer, unventilated, horizontal, thickness: 220 mm [R-0.12/in.]",ISO 6946 Method,,
"Air layer, unventilated, horizontal, thickness: 230 mm",Air: Horiz. Heatflow,1.30,1000.00,1.2778,0.7383,0.113,0.90,"255,175,240,255","Air layer, unventilated, horizontal, thickness: 230 mm [R-0.11/in.]",ISO 6946 Method,,
"Air layer, unventilated, horizontal, thickness: 240 mm",Air: Horiz. Heatflow,1.30,1000.00,1.3333,0.7704,0.108,0.90,"255,175,240,255","Air layer, unventilated, horizontal, thickness: 240 mm [R-0.11/in.]",ISO 6946 Method,,
"Air layer, unventilated, horizontal, thickness: 250 mm",Air: Horiz. Heatflow,1.30,1000.00,1.3889,0.8025,0.104,0.90,"255,175,240,255","Air layer, unventilated, horizontal, thickness: 250 mm [R-0.1/in.]",ISO 6946 Method,,
"Air layer, unventilated, horizontal, thickness: 260 mm",Air: Horiz. Heatflow,1.30,1000.00,1.4444,0.8346,0.100,0.90,"255,175,240,255","Air layer, unventilated, horizontal, thickness: 260 mm [R-0.1/in.]",ISO 6946 Method,,
"Air layer, unventilated, horizontal, thickness: 270 mm",Air: Horiz. Heatflow,1.30,1000.00,1.5000,0.8667,0.096,0.90,"255,175,240,255","Air layer, unventilated, horizontal, thickness: 270 mm [R-0.1/in.]",ISO 6946 Method,,
"Air layer, unventilated, horizontal, thickness: 280 mm",Air: Horiz. Heatflow,1.30,1000.00,1.5556,0.8988,0.093,0.90,"255,175,240,255","Air layer, unventilated, horizontal, thickness: 280 mm [R-0.09/in.]",ISO 6946 Method,,
"Air layer, unventilated, horizontal, thickness: 290 mm",Air: Horiz. Heatflow,1.30,1000.00,1.6111,0.9309,0.090,0.90,"255,175,240,255","Air layer, unventilated, horizontal, thickness: 290 mm [R-0.09/in.]",ISO 6946 Method,,
"Air layer, unventilated, horizontal, thickness: 300 mm",Air: Horiz. Heatflow,1.30,1000.00,1.6667,0.9630,0.087,0.90,"255,175,240,255","Air layer, unventilated, horizontal, thickness: 300 mm [R-0.09/in.]",ISO 6946 Method,,
"Air layer, unventilated, upwards, thickness: 1 mm",Air: Upward Heatflow,1.30,1000.00,0.0455,0.0263,3.170,0.90,"255,175,240,255","Air layer, unventilated, upwards, thickness: 1 mm [R-3.17/in.]",ISO 6946 Method,,
"Air layer, unventilated, upwards, thickness: 2 mm",Air: Upward Heatflow,1.30,1000.00,0.0455,0.0263,3.170,0.90,"255,175,240,255","Air layer, unventilated, upwards, thickness: 2 mm [R-3.17/in.]",ISO 6946 Method,,
"Air layer, unventilated, upwards, thickness: 3 mm",Air: Upward Heatflow,1.30,1000.00,0.0455,0.0263,3.170,0.90,"255,175,240,255","Air layer, unventilated, upwards, thickness: 3 mm [R-3.17/in.]",ISO 6946 Method,,
"Air layer, unventilated, upwards, thickness: 4 mm",Air: Upward Heatflow,1.30,1000.00,0.0455,0.0263,3.170,0.90,"255,175,240,255","Air layer, unventilated, upwards, thickness: 4 mm [R-3.17/in.]",ISO 6946 Method,,
"Air layer, unventilated, upwards, thickness: 5 mm",Air: Upward Heatflow,1.30,1000.00,0.0455,0.0263,3.170,0.90,"255,175,240,255","Air layer, unventilated, upwards, thickness: 5 mm [R-3.17/in.]",ISO 6946 Method,,
"Air layer, unventilated, upwards, thickness: 6 mm",Air: Upward Heatflow,1.30,1000.00,0.0500,0.0289,2.885,0.90,"255,175,240,255","Air layer, unventilated, upwards, thickness: 6 mm [R-2.88/in.]",ISO 6946 Method,,
"Air layer, unventilated, upwards, thickness: 7 mm",Air: Upward Heatflow,1.30,1000.00,0.0538,0.0311,2.681,0.90,"255,175,240,255","Air layer, unventilated, upwards, thickness: 7 mm [R-2.68/in.]",ISO 6946 Method,,
"Air layer, unventilated, upwards, thickness: 8 mm",Air: Upward Heatflow,1.30,1000.00,0.0585,0.0338,2.465,0.90,"255,175,240,255","Air layer, unventilated, upwards, thickness: 8 mm [R-2.47/in.]",ISO 6946 Method,,
"Air layer, unventilated, upwards, thickness: 9 mm",Air: Upward Heatflow,1.30,1000.00,0.0628,0.0363,2.297,0.90,"255,175,240,255","Air layer, unventilated, upwards, thickness: 9 mm [R-2.3/in.]",ISO 6946 Method,,
"Air layer, unventilated, upwards, thickness: 10 mm",Air: Upward Heatflow,1.30,1000.00,0.0667,0.0385,2.162,0.90,"255,175,240,255","Air layer, unventilated, upwards, thickness: 10 mm [R-2.16/in.]",ISO 6946 Method,,
"Air layer, unventilated, upwards, thickness: 11 mm",Air: Upward Heatflow,1.30,1000.00,0.0724,0.0418,1.992,0.90,"255,175,240,255","Air layer, unventilated, upwards, thickness: 11 mm [R-1.99/in.]",ISO 6946 Method,,
"Air layer, unventilated, upwards, thickness: 12 mm",Air: Upward Heatflow,1.30,1000.00,0.0779,0.0450,1.851,0.90,"255,175,240,255","Air layer, unventilated, upwards, thickness: 12 mm [R-1.85/in.]",ISO 6946 Method,,
"Air layer, unventilated, upwards, thickness: 13 mm",Air: Upward Heatflow,1.30,1000.00,0.0833,0.0481,1.731,0.90,"255,175,240,255","Air layer, unventilated, upwards, thickness: 13 mm [R-1.73/in.]",ISO 6946 Method,,
"Air layer, unventilated, upwards, thickness: 14 mm",Air: Upward Heatflow,1.30,1000.00,0.0886,0.0512,1.628,0.90,"255,175,240,255","Air layer, unventilated, upwards, thickness: 14 mm [R-1.63/in.]",ISO 6946 Method,,
"Air layer, unventilated, upwards, thickness: 15 mm",Air: Upward Heatflow,1.30,1000.00,0.0938,0.0542,1.538,0.90,"255,175,240,255","Air layer, unventilated, upwards, thickness: 15 mm [R-1.54/in.]",ISO 6946 Method,,
"Air layer, unventilated, upwards, thickness: 16 mm",Air: Upward Heatflow,1.30,1000.00,0.1000,0.0578,1.442,0.90,"255,175,240,255","Air layer, unventilated, upwards, thickness: 16 mm [R-1.44/in.]",ISO 6946 Method,,
"Air layer, unventilated, upwards, thickness: 17 mm",Air: Upward Heatflow,1.30,1000.00,0.1063,0.0614,1.357,0.90,"255,175,240,255","Air layer, unventilated, upwards, thickness: 17 mm [R-1.36/in.]",ISO 6946 Method,,
"Air layer, unventilated, upwards, thickness: 18 mm",Air: Upward Heatflow,1.30,1000.00,0.1125,0.0650,1.282,0.90,"255,175,240,255","Air layer, unventilated, upwards, thickness: 18 mm [R-1.28/in.]",ISO 6946 Method,,
"Air layer, unventilated, upwards, thickness: 19 mm",Air: Upward Heatflow,1.30,1000.00,0.1188,0.0686,1.214,0.90,"255,175,240,255","Air layer, unventilated, upwards, thickness: 19 mm [R-1.21/in.]",ISO 6946 Method,,
"Air layer, unventilated, upwards, thickness: 20 mm",Air: Upward Heatflow,1.30,1000.00,0.1250,0.0722,1.154,0.90,"255,175,240,255","Air layer, unventilated, upwards, thickness: 20 mm [R-1.15/in.]",ISO 6946 Method,,
"Air layer, unventilated, upwards, thickness: 21 mm",Air: Upward Heatflow,1.30,1000.00,0.1313,0.0759,1.098,0.90,"255,175,240,255","Air layer, unventilated, upwards, thickness: 21 mm [R-1.1/in.]",ISO 6946 Method,,
"Air layer, unventilated, upwards, thickness: 22 mm",Air: Upward Heatflow,1.30,1000.00,0.1375,0.0794,1.049,0.90,"255,175,240,255","Air layer, unventilated, upwards, thickness: 22 mm [R-1.05/in.]",ISO 6946 Method,,
"Air layer, unventilated, upwards, thickness: 23 mm",Air: Upward Heatflow,1.30,1000.00,0.1438,0.0831,1.003,0.90,"255,175,240,255","Air layer, unventilated, upwards, thickness: 23 mm [R-1/in.]",ISO 6946 Method,,
"Air layer, unventilated, upwards, thickness: 24 mm",Air: Upward Heatflow,1.30,1000.00,0.1500,0.0867,0.962,0.90,"255,175,240,255","Air layer, unventilated, upwards, thickness: 24 mm [R-0.96/in.]",ISO 6946 Method,,
"Air layer, unventilated, upwards, thickness: 25 mm",Air: Upward Heatflow,1.30,1000.00,0.1563,0.0903,0.923,0.90,"255,175,240,255","Air layer, unventilated, upwards, thickness: 25 mm [R-0.92/in.]",ISO 6946 Method,,
"Air layer, unventilated, upwards, thickness: 30 mm",Air: Upward Heatflow,1.30,1000.00,0.1875,0.1083,0.769,0.90,"255,175,240,255","Air layer, unventilated, upwards, thickness: 30 mm [R-0.77/in.]",ISO 6946 Method,,
"Air layer, unventilated, upwards, thickness: 35 mm",Air: Upward Heatflow,1.30,1000.00,0.2188,0.1264,0.659,0.90,"255,175,240,255","Air layer, unventilated, upwards, thickness: 35 mm [R-0.66/in.]",ISO 6946 Method,,
"Air layer, unventilated, upwards, thickness: 40 mm",Air: Upward Heatflow,1.30,1000.00,0.2500,0.1444,0.577,0.90,"255,175,240,255","Air layer, unventilated, upwards, thickness: 40 mm [R-0.58/in.]",ISO 6946 Method,,
"Air layer, unventilated, upwards, thickness: 45 mm",Air: Upward Heatflow,1.30,1000.00,0.2813,0.1625,0.513,0.90,"255,175,240,255","Air layer, unventilated, upwards, thickness: 45 mm [R-0.51/in.]",ISO 6946 Method,,
"Air layer, unventilated, upwards, thickness: 50 mm",Air: Upward Heatflow,1.30,1000.00,0.3125,0.1806,0.462,0.90,"255,175,240,255","Air layer, unventilated, upwards, thickness: 50 mm [R-0.46/in.]",ISO 6946 Method,,
"Air layer, unventilated, upwards, thickness: 55 mm",Air: Upward Heatflow,1.30,1000.00,0.3438,0.1986,0.420,0.90,"255,175,240,255","Air layer, unventilated, upwards, thickness: 55 mm [R-0.42/in.]",ISO 6946 Method,,
"Air layer, unventilated, upwards, thickness: 60 mm",Air: Upward Heatflow,1.30,1000.00,0.3750,0.2167,0.385,0.90,"255,175,240,255","Air layer, unventilated, upwards, thickness: 60 mm [R-0.38/in.]",ISO 6946 Method,,
"Air layer, unventilated, upwards, thickness: 65 mm",Air: Upward Heatflow,1.30,1000.00,0.4063,0.2348,0.355,0.90,"255,175,240,255","Air layer, unventilated, upwards, thickness: 65 mm [R-0.35/in.]",ISO 6946 Method,,
"Air layer, unventilated, upwards, thickness: 70 mm",Air: Upward Heatflow,1.30,1000.00,0.4375,0.2528,0.330,0.90,"255,175,240,255","Air layer, unventilated, upwards, thickness: 70 mm [R-0.33/in.]",ISO 6946 Method,,
"Air layer, unventilated, upwards, thickness: 75 mm",Air: Upward Heatflow,1.30,1000.00,0.4688,0.2709,0.308,0.90,"255,175,240,255","Air layer, unventilated, upwards, thickness: 75 mm [R-0.31/in.]",ISO 6946 Method,,
"Air layer, unventilated, upwards, thickness: 80 mm",Air: Upward Heatflow,1.30,1000.00,0.5000,0.2889,0.288,0.90,"255,175,240,255","Air layer, unventilated, upwards, thickness: 80 mm [R-0.29/in.]",ISO 6946 Method,,
"Air layer, unventilated, upwards, thickness: 85 mm",Air: Upward Heatflow,1.30,1000.00,0.5313,0.3070,0.271,0.90,"255,175,240,255","Air layer, unventilated, upwards, thickness: 85 mm [R-0.27/in.]",ISO 6946 Method,,
"Air layer, unventilated, upwards, thickness: 90 mm",Air: Upward Heatflow,1.30,1000.00,0.5625,0.3250,0.256,0.90,"255,175,240,255","Air layer, unventilated, upwards, thickness: 90 mm [R-0.26/in.]",ISO 6946 Method,,
"Air layer, unventilated, upwards, thickness: 95 mm",Air: Upward Heatflow,1.30,1000.00,0.5938,0.3431,0.243,0.90,"255,175,240,255","Air layer, unventilated, upwards, thickness: 95 mm [R-0.24/in.]",ISO 6946 Method,,
"Air layer, unventilated, upwards, thickness: 100 mm",Air: Upward Heatflow,1.30,1000.00,0.6250,0.3611,0.231,0.90,"255,175,240,255","Air layer, unventilated, upwards, thickness: 100 mm [R-0.23/in.]",ISO 6946 Method,,
"Air layer, unventilated, upwards, thickness: 110 mm",Air: Upward Heatflow,1.30,1000.00,0.6875,0.3972,0.210,0.90,"255,175,240,255","Air layer, unventilated, upwards, thickness: 110 mm [R-0.21/in.]",ISO 6946 Method,,
"Air layer, unventilated, upwards, thickness: 120 mm",Air: Upward Heatflow,1.30,1000.00,0.7500,0.4333,0.192,0.90,"255,175,240,255","Air layer, unventilated, upwards, thickness: 120 mm [R-0.19/in.]",ISO 6946 Method,,
"Air layer, unventilated, upwards, thickness: 130 mm",Air: Upward Heatflow,1.30,1000.00,0.8125,0.4695,0.178,0.90,"255,175,240,255","Air layer, unventilated, upwards, thickness: 130 mm [R-0.18/in.]",ISO 6946 Method,,
"Air layer, unventilated, upwards, thickness: 140 mm",Air: Upward Heatflow,1.30,1000.00,0.8750,0.5056,0.165,0.90,"255,175,240,255","Air layer, unventilated, upwards, thickness: 140 mm [R-0.16/in.]",ISO 6946 Method,,
"Air layer, unventilated, upwards, thickness: 150 mm",Air: Upward Heatflow,1.30,1000.00,0.9375,0.5417,0.154,0.90,"255,175,240,255","Air layer, unventilated, upwards, thickness: 150 mm [R-0.15/in.]",ISO 6946 Method,,
"Air layer, unventilated, upwards, thickness: 160 mm",Air: Upward Heatflow,1.30,1000.00,1.0000,0.5778,0.144,0.90,"255,175,240,255","Air layer, unventilated, upwards, thickness: 160 mm [R-0.14/in.]",ISO 6946 Method,,
"Air layer, unventilated, upwards, thickness: 170 mm",Air: Upward Heatflow,1.30,1000.00,1.0625,0.6139,0.136,0.90,"255,175,240,255","Air layer, unventilated, upwards, thickness: 170 mm [R-0.14/in.]",ISO 6946 Method,,
"Air layer, unventilated, upwards, thickness: 180 mm",Air: Upward Heatflow,1.30,1000.00,1.1250,0.6500,0.128,0.90,"255,175,240,255","Air layer, unventilated, upwards, thickness: 180 mm [R-0.13/in.]",ISO 6946 Method,,
"Air layer, unventilated, upwards, thickness: 190 mm",Air: Upward Heatflow,1.30,1000.00,1.1875,0.6861,0.121,0.90,"255,175,240,255","Air layer, unventilated, upwards, thickness: 190 mm [R-0.12/in.]",ISO 6946 Method,,
"Air layer, unventilated, upwards, thickness: 200 mm",Air: Upward Heatflow,1.30,1000.00,1.2500,0.7222,0.115,0.90,"255,175,240,255","Air layer, unventilated, upwards, thickness: 200 mm [R-0.12/in.]",ISO 6946 Method,,
"Air layer, unventilated, upwards, thickness: 210 mm",Air: Upward Heatflow,1.30,1000.00,1.3125,0.7583,0.110,0.90,"255,175,240,255","Air layer, unventilated, upwards, thickness: 210 mm [R-0.11/in.]",ISO 6946 Method,,
"Air layer, unventilated, upwards, thickness: 220 mm",Air: Upward Heatflow,1.30,1000.00,1.3750,0.7945,0.105,0.90,"255,175,240,255","Air layer, unventilated, upwards, thickness: 220 mm [R-0.1/in.]",ISO 6946 Method,,
"Air layer, unventilated, upwards, thickness: 230 mm",Air: Upward Heatflow,1.30,1000.00,1.4375,0.8306,0.100,0.90,"255,175,240,255","Air layer, unventilated, upwards, thickness: 230 mm [R-0.1/in.]",ISO 6946 Method,,
"Air layer, unventilated, upwards, thickness: 240 mm",Air: Upward Heatflow,1.30,1000.00,1.5000,0.8667,0.096,0.90,"255,175,240,255","Air layer, unventilated, upwards, thickness: 240 mm [R-0.1/in.]",ISO 6946 Method,,
"Air layer, unventilated, upwards, thickness: 250 mm",Air: Upward Heatflow,1.30,1000.00,1.5625,0.9028,0.092,0.90,"255,175,240,255","Air layer, unventilated, upwards, thickness: 250 mm [R-0.09/in.]",ISO 6946 Method,,
"Air layer, unventilated, upwards, thickness: 260 mm",Air: Upward Heatflow,1.30,1000.00,1.6250,0.9389,0.089,0.90,"255,175,240,255","Air layer, unventilated, upwards, thickness: 260 mm [R-0.09/in.]",ISO 6946 Method,,
"Air layer, unventilated, upwards, thickness: 270 mm",Air: Upward Heatflow,1.30,1000.00,1.6875,0.9750,0.085,0.90,"255,175,240,255","Air layer, unventilated, upwards, thickness: 270 mm [R-0.09/in.]",ISO 6946 Method,,
"Air layer, unventilated, upwards, thickness: 280 mm",Air: Upward Heatflow,1.30,1000.00,1.7500,1.0111,0.082,0.90,"255,175,240,255","Air layer, unventilated, upwards, thickness: 280 mm [R-0.08/in.]",ISO 6946 Method,,
"Air layer, unventilated, upwards, thickness: 290 mm",Air: Upward Heatflow,1.30,1000.00,1.8125,1.0472,0.080,0.90,"255,175,240,255","Air layer, unventilated, upwards, thickness: 290 mm [R-0.08/in.]",ISO 6946 Method,,
"Air layer, unventilated, upwards, thickness: 300 mm",Air: Upward Heatflow,1.30,1000.00,1.8750,1.0834,0.077,0.90,"255,175,240,255","Air layer, unventilated, upwards, thickness: 300 mm [R-0.08/in.]",ISO 6946 Method,,
Alum (Anodized),Metals,,,237.0000,136.9360,0.001,0.80,"255,192,192,192",Alum (Anodized) [R-0/in.],,,
Alum (Painted),Metals,,,160.0000,92.4463,0.001,0.80,"255,192,192,192",Alum (Painted) [R-0/in.],,,
Aluminium,Metals,,,200.0000,115.5578,0.001,0.80,"255,192,192,192",Aluminium [R-0/in.],WUFI-Passive Database,,
Amer. Rockwool Prem. Plus Spray,Insulations,,,0.0348,0.0201,4.140,0.90,,Amer. Rockwool Prem. Plus Spray [R-4.14/in.],,,
AP Armaflex,Insulations,,,0.0360,0.0208,4.006,0.90,,AP Armaflex [R-4.01/in.],,,
Armartherm 500-150,Insulations,,,0.0438,0.0253,3.290,0.90,,Armartherm 500-150 [R-3.29/in.],,,
Armartherm 500-200,Insulations,,,0.0584,0.0337,2.470,0.90,,Armartherm 500-200 [R-2.47/in.],,,
Armartherm 500-250,Insulations,,,0.0647,0.0374,2.230,0.90,,Armartherm 500-250 [R-2.23/in.],,,
Armartherm FRR,Insulations,,,0.1518,0.0877,0.950,0.90,,Armartherm FRR [R-0.95/in.],,,
Aspen Aerogels - Spaceloft Grey,Insulations,,,0.0138,0.0080,10.417,0.90,"255,190,190,190",Aspen Aerogels - Spaceloft Grey [R-10.42/in.],WUFI-Passive Database,,
Benchmark STB-1,Insulations,1842.00,,0.1522,0.0879,0.948,0.90,"255,237,64,226",Benchmark STB-1 [R-0.95/in.],https://bmssi.ca/data-sheets/,,
Brick - Red Matte Clay,Masonry,1935.00,800.00,0.4950,0.2860,0.291,0.90,"255,185,160,115",Brick - Red Matte Clay [R-0.29/in.],WUFI-Passive Database,,
Brick - Solid Extruded,Masonry,1650.00,850.00,0.6000,0.3467,0.240,0.90,"255,255,0,0",Brick - Solid Extruded [R-0.24/in.],WUFI-Passive Database,,
Brick (Common),Masonry,1670.00,840.00,0.7200,0.4160,0.200,0.90,,Brick (Common) [R-0.2/in.],,,
Carlisle InsulBase Polyiso,Insulations,32.00,1470.00,0.0253,0.0146,5.700,0.90,"255,255,153,255",Carlisle InsulBase Polyiso [R-5.7/in.],https://www.carlislesyntec.com/Document-Viewer/polyiso-r-value-loading-card/WxDzPK8nLEaBBL93-qpNYA,,
Carpenter EPS (Type I),Insulations,,,0.0375,0.0217,3.846,0.90,"255,174,207,232",Carpenter EPS (Type I) [R-3.85/in.],Manufacturer,,
ccSPF,Insulations,,,0.0222,0.0128,6.510,0.90,"255,200,200,120",ccSPF [R-6.51/in.],,,
ccSPF w Metal Hangers,Insulations,,,0.0260,0.0150,5.556,0.90,"255,200,200,120",ccSPF w Metal Hangers [R-5.56/in.],,,
Cellulose (Denspack),Insulations,,,0.0398,0.0230,3.623,0.90,"255,255,255,0",Cellulose (Denspack) [R-3.62/in.],,,
Cellulose (Loose Fill),Insulations,,,0.0451,0.0260,3.200,0.90,"255,255,255,0",Cellulose (Loose Fill) [R-3.2/in.],,,
"Cellulose Fiber (heat cond.: 0,04 W/mK)",Insulations,,,0.0398,0.0230,3.623,0.90,"255,255,255,0","Cellulose Fiber (heat cond.: 0,04 W/mK) [R-3.62/in.]",WUFI-Passive Database,,
Cement Mortar,Masonry,,,0.4310,0.2490,0.335,0.90,,Cement Mortar [R-0.33/in.],,,
CLT,Woods,450.00,1600.00,0.1200,0.0693,1.202,0.90,"255,128,64,0",CLT [R-1.2/in.],,,
CMU (8in Empty Cores),Masonry,,,0.7200,0.4160,0.200,0.90,,CMU (8in Empty Cores) [R-0.2/in.],,,
CMU (8in Perlite Cores),Masonry,,,1.0384,0.6000,0.139,0.90,,CMU (8in Perlite Cores) [R-0.14/in.],,,
CMU (Wufi Concrete Brick ),Masonry,2315.00,800.00,0.7330,0.4235,0.197,0.90,,CMU (Wufi Concrete Brick ) [R-0.2/in.],,,
CompaCFoam 100,Insulations,,,0.0380,0.0219,3.800,0.90,,CompaCFoam 100 [R-3.8/in.],,,
CompaCFoam 200,Insulations,,,0.0465,0.0269,3.100,0.90,,CompaCFoam 200 [R-3.1/in.],,,
Concrete (Heavily Reinforced),Masonry,2104.00,776.00,3.0000,1.7334,0.048,0.90,"255,130,130,130",Concrete (Heavily Reinforced) [R-0.05/in.],,,
Concrete (Reinforced),Masonry,2104.00,776.00,2.5000,1.4445,0.058,0.90,"255,160,160,160",Concrete (Reinforced) [R-0.06/in.],,,
Concrete (Wufi),Masonry,2104.00,776.00,1.3730,0.7933,0.105,0.90,"255,131,131,131",Concrete (Wufi) [R-0.11/in.],WUFI-Passive Database,,
Concrete Brick,Masonry,2315.00,800.00,1.3730,0.7933,0.105,0.90,"255,190,190,190",Concrete Brick [R-0.11/in.],WUFI-Passive Database,,
Concrete Plank (Elematic 8in Empty Cores),Masonry,2104.00,776.00,0.9077,0.5245,0.159,0.90,"255,130,130,130",Concrete Plank (Elematic 8in Empty Cores) [R-0.16/in.],Oldcastle Precast Data Sheet,,
"Cork (heat cond.: 0,04 W/mK)",Insulations,,,0.0400,0.0231,3.606,0.90,"255,255,255,0","Cork (heat cond.: 0,04 W/mK) [R-3.61/in.]",WUFI-Passive Database,,
DensElement Barrier System,Finishes,,,0.1978,0.1143,0.729,0.90,,DensElement Barrier System [R-0.73/in.],,,
DOW Thermax,Insulations,,,0.0222,0.0128,6.510,0.90,"255,255,153,255",DOW Thermax [R-6.51/in.],,,
DOW Thermax (Derated to R-5.5/in),Insulations,,,0.0262,0.0151,5.505,0.90,"255,255,153,255",DOW Thermax (Derated to R-5.5/in) [R-5.5/in.],,,
"DOW Thermax @1"" ",Insulations,,,0.0212,0.0123,6.800,0.90,"255,255,153,255","DOW Thermax @1""  [R-6.8/in.]",,,
"DOW Thermax @2""",Insulations,,,0.0222,0.0128,6.500,0.90,"255,255,153,255","DOW Thermax @2"" [R-6.5/in.]",,,
"DOW Thermax @3""",Insulations,,,0.0233,0.0134,6.200,0.90,"255,255,153,255","DOW Thermax @3"" [R-6.2/in.]",,,
"DOW Thermax @4""",Insulations,,,0.0240,0.0139,6.000,0.90,"255,255,153,255","DOW Thermax @4"" [R-6/in.]",,,
DOW Thermax XARMOR,Insulations,,,0.0209,0.0121,6.900,0.90,"255,255,153,255",DOW Thermax XARMOR [R-6.9/in.],Manufacturer,,Polyisocyanurate Board Foam
Durock Cement Board,Finishes,,,0.3698,0.2137,0.390,0.90,"255,145,166,150",Durock Cement Board [R-0.39/in.],,,
EPS (heat cond.: 0.04 W/mK - density: 15 kg/m3),Insulations,,,0.0400,0.0231,3.606,0.90,"255,255,255,0",EPS (heat cond.: 0.04 W/mK - density: 15 kg/m3) [R-3.61/in.],WUFI-Passive Database,,
EPS (Neopor Graphit),Insulations,,,0.0289,0.0167,4.999,0.90,"255,225,225,175",EPS (Neopor Graphit) [R-5/in.],,,
EPS (Type I),Insulations,,,0.0389,0.0225,3.704,0.90,"255,174,207,232",EPS (Type I) [R-3.7/in.],,,
EPS (Type II),Insulations,,,0.0360,0.0208,4.006,0.90,"255,174,207,232",EPS (Type II) [R-4.01/in.],,,
EPS (Type IX),Insulations,,,0.0343,0.0198,4.209,0.90,"255,174,207,232",EPS (Type IX) [R-4.21/in.],,,
Fabreeka-TIM,Insulations,,,0.2579,0.1490,0.559,0.90,"255,79,32,169",Fabreeka-TIM [R-0.56/in.],,,
Fiber Cement Board,Finishes,,,0.2450,0.1416,0.589,0.90,,Fiber Cement Board [R-0.59/in.],,,
Fiberglass,Finishes,,,0.0350,0.0202,4.121,0.90,,Fiberglass [R-4.12/in.],,,
Fiberglass (Blown Spyder 1.8lb/cuft),Insulations,,,0.0351,0.0203,4.105,0.90,"255,255,255,140",Fiberglass (Blown Spyder 1.8lb/cuft) [R-4.11/in.],,,
Fiberglass (Blown Spyder 1lb/cuft),Insulations,,,0.0389,0.0225,3.704,0.90,"255,255,255,140",Fiberglass (Blown Spyder 1lb/cuft) [R-3.7/in.],,,
Fiberglass Batt,Insulations,,,0.0450,0.0260,3.205,0.90,"255,255,255,140",Fiberglass Batt [R-3.21/in.],,,
Fiberglass Duct Insulation (compressed),Insulations,,,0.0339,0.0196,4.252,0.90,"255,255,255,140",Fiberglass Duct Insulation (compressed) [R-4.25/in.],,,
Fiberglass Solid Pultrusion,Insulations,,,0.5769,0.3333,0.250,0.90,,Fiberglass Solid Pultrusion [R-0.25/in.],,,
Foamglas,Insulations,,,0.0415,0.0240,3.472,0.90,,Foamglas [R-3.47/in.],,,
Gutex Multitherm,Insulations,,,0.0393,0.0227,3.669,0.90,"255,130,130,0",Gutex Multitherm [R-3.67/in.],,,
Gutex Ultratherm,Insulations,,,0.0420,0.0243,3.434,0.90,"255,130,130,0",Gutex Ultratherm [R-3.43/in.],,,
GWB (Densglas Fireguard),Finishes,750.00,870.00,0.1350,0.0780,1.068,0.90,"255,235,180,80",GWB (Densglas Fireguard) [R-1.07/in.],,,
GWB (Densglas Sheathing),Finishes,750.00,870.00,0.1281,0.0740,1.126,0.90,"255,235,180,80",GWB (Densglas Sheathing) [R-1.13/in.],,,
GWB (Typ),Finishes,850.00,870.00,0.1696,0.0980,0.850,0.90,"255,185,200,195",GWB (Typ) [R-0.85/in.],,,
GWB (USG Securock),Finishes,637.00,870.00,0.1502,0.0868,0.960,0.90,"255,185,200,195",GWB (USG Securock) [R-0.96/in.],Manufacturer,usg-securock-roof-board-submittal-en-rf5.pdf (https://v5.airtableusercontent.com/v3/u/54/54/1780545600000/46hg7MneC3SLUEN5SHcbJQ/IqE3fR4PxLg_uO6wUJI7DQV0xVrQQz4KUTp7h5xNNxNXvvryF0d0IzbWVhnANzvxsBZ20kT-KscC47v_5-ztWdG8QWE7RGFs80VM5VPlJC6A55bnAMqlxKNBHiFiccbg3d0taQoR3Jn1q9k4qTITsAR6PoI3JDvwdr0-duWvMAleTOqMvyJrTJOPl_WeL85bRoGp_ws4EdHqI1YULvzIog/QdQ78g2sCOX7r2EuxYQNP95-i0egHjzWdGEc__Adus0),
Gypsum Board (USA),Finishes,850.00,870.00,0.1696,0.0980,0.850,0.90,"255,185,200,195",Gypsum Board (USA) [R-0.85/in.],WUFI-Passive Database,,
Hardwood,Woods,650.00,1400.00,0.1300,0.0751,1.109,0.90,"255,255,128,0",Hardwood [R-1.11/in.],WUFI-Passive Database,,
Huntsman HeatLok HFO Pro ccspf,Insulations,,,0.0195,0.0113,7.400,0.90,"255,200,200,120",Huntsman HeatLok HFO Pro ccspf [R-7.4/in.],Manufacturer,,
"Icynene HFO 200
",Insulations,32.04,,0.0195,0.0113,7.400,0.90,"255,227,247,65","Icynene HFO 200
 [R-7.4/in.]",Manufacturer,23.00236-Icynene_HFO_200_EN-TDS-V9-DIGITAL.pdf (https://v5.airtableusercontent.com/v3/u/54/54/1780545600000/tcq5PpLEPqnuV3QJj9rZiw/MHGxmI4w9BNN87vcj_gk9nXES_kmRzys-3HUJpQR5cuKBOs-3-JNl8qeI3Kgrv0jhOnhe1KWA-FCVgpQvag8bV2OidqS7ut2kOd8lSssnQTR1RAuNzhNJLbyO055F_-76Q9csJdeSNG7tO8MduUUz5HmkbYNoHUXBp-WWAquEQB3WCtniSgdZlTk9u-mxegNrCKUiC-8Jis1z2QNVeQG-A/FFOR0pq2-tIwdtndggzuVNU-UYWXmEhueOdt2eS3e1M),
Icynene HFO Max,Insulations,32.04,,0.0229,0.0132,6.300,0.90,"255,227,247,65",Icynene HFO Max [R-6.3/in.],Manufacturer,23.00247 Icynene_HFO_Max_EN-TDS-V11-DIGITAL.pdf (https://v5.airtableusercontent.com/v3/u/54/54/1780545600000/vp6vkZRywb3udbmWmrNFDA/pggttl4dyKZdeQfCetI7jASAU6ZXXdOZWnd00pP6ZBTcqHW_MIZXfRJKGkyGyuw74LqJ3-_nopPU0sSFQ9o4VloIn3qc30N4jBtME_KRGhJGoITwvJFjLUjZymiEnfNkMPn3jVhKk-hAs4UNxIoOkdmcNVQRe9qetn8zJC14i4bxIzALamO4reHhWtvgoDdIa8tiyI5SY2senfkIbTUVzg/YxZg-DkJSnlQ8fgz2q9bkkE4SGce1zPCjaWWhmewMns),
Isolatek CAFCO Heat-Shield Spray Mineral Fiber,Insulations,,,0.0375,0.0216,3.850,0.90,"255,255,0,255",Isolatek CAFCO Heat-Shield Spray Mineral Fiber [R-3.85/in.],,,
Kingspan OPTIM-R Vacum Panel,Insulations,,,0.0052,0.0030,27.778,0.90,"255,255,0,255",Kingspan OPTIM-R Vacum Panel [R-27.78/in.],,,
Low Density Glass Fibre Batt Insulation,Insulations,,,0.0430,0.0248,3.354,0.90,"255,255,255,140",Low Density Glass Fibre Batt Insulation [R-3.35/in.],WUFI-Passive Database,,
Magnesium Board,Finishes,,,1.1700,0.6760,0.123,0.90,"255,170,135,175",Magnesium Board [R-0.12/in.],,,
"Mineral Wool (heat cond.: 0,04 W/mK)",Insulations,60.00,850.00,0.0400,0.0231,3.606,0.90,"255,198,232,174","Mineral Wool (heat cond.: 0,04 W/mK) [R-3.61/in.]",WUFI-Passive Database,,
Mortar - Portland Cement-Lime,Masonry,,,2.0994,1.2130,0.069,0.90,,Mortar - Portland Cement-Lime [R-0.07/in.],,,
Nexseal Closed Cell Spray PU,Insulations,,,0.0200,0.0116,7.200,0.90,"255,255,255,0",Nexseal Closed Cell Spray PU [R-7.2/in.],,,
OSB,Woods,595.00,1400.00,0.1298,0.0750,1.111,0.90,"255,247,210,125",OSB [R-1.11/in.],,,
OSB 3 (oriented strand board),Woods,595.00,1400.00,0.1049,0.0606,1.375,0.90,"255,247,210,125",OSB 3 (oriented strand board) [R-1.37/in.],WUFI-Passive Database,,
Plywood (Typ),Woods,470.00,1880.00,0.1194,0.0690,1.208,0.90,"255,148,148,73",Plywood (Typ) [R-1.21/in.],,,
Plywood (USA),Woods,470.00,1880.00,0.1194,0.0690,1.208,0.90,"255,148,148,73",Plywood (USA) [R-1.21/in.],WUFI-Passive Database,,
PolyIso w Metal Fasteners,Insulations,32.00,1470.00,0.0260,0.0150,5.556,0.90,"255,255,153,255",PolyIso w Metal Fasteners [R-5.56/in.],,,
Polyisocyanurate Board,Insulations,32.00,1470.00,0.0242,0.0140,5.952,0.90,"255,255,153,255",Polyisocyanurate Board [R-5.95/in.],WUFI-Passive Database,,
Purinet PU Block,Insulations,,,0.0860,0.0497,1.677,0.90,,Purinet PU Block [R-1.68/in.],,,
Rockwool CavityRock,Insulations,69.00,,0.0335,0.0194,4.300,0.90,"255,175,215,157",Rockwool CavityRock [R-4.3/in.],Manufacturer,Rockwool CavityRock.pdf (https://v5.airtableusercontent.com/v3/u/54/54/1780545600000/hVADhE9C5WFF2NYCu_ecIQ/BVPDjDoZkAf_Iz9qCE_BsdYQfBFoRvAdynTzZroYK0Vjysj9n8YsnmptdyTjgy5snWu2RkwETvdwtfv-j3uM-7jjlpOtjQEKB9FcYQPNSKlhGmL0DjnLrOfOSIxoOEskxa89UJHR_iVdgvSvIiMDGMBvlVpKi6GBHCUu1R0VPy8/VEZjtopDYhbzyeC6IgevDgHi_9fRdGnVkSv4J4PvlWc),
Rockwool CavityRock + Knightwall,Insulations,,,0.0426,0.0246,3.386,0.90,"255,175,215,157",Rockwool CavityRock + Knightwall [R-3.39/in.],Manufacturer,"WT-5 Clip_kws-mfi_thermal_perf_100918.pdf (https://v5.airtableusercontent.com/v3/u/54/54/1780545600000/SGW4X0EMPPAV4lWgq_n5-A/gwwFyr0ceTGfHKAwQzrFkYASbgGT-OU6pxuN6O9TvvebO2qwjdXo8omE3xDxpgznBFgIS58iQP2I7nFrs7GM2hrG-M_AdHCu3wkfdJud81kbR4a77CCBFRbcrH49OAAtZYE3V7Xu_yLUuZIJkWmEW1JeDcLD9w-YzXgeH_JK3CqXyhyiZ6u2K4_X2xdN4SQW/JNsxbLBuKAecJFpkI8krAByibBzzB2bDjoILVlplioM),Rockwool CavityRock.pdf (https://v5.airtableusercontent.com/v3/u/54/54/1780545600000/Dvr8m6YqCq2YS1lZUL62kg/UOthxgXuh5q5Uox0cD3N8q8WaHvKo-YYHZQ1L89tNetkquvmbUaddehc2gDCk2Vfr8dx7AKAgK1cxAGHlLM5fgKN2MVIpLN6Aw2kf83sAQSJ2Rrt_wX__i5uQQautf987_pu-oXR9IK4yiJ4qVQGytgZGZIKXy_nQLKBEv-I5Vk/PePn1a7z_Qx7t88SwAa5tUaqTyMwFr7iChXFO7_9dUs)",
Roxul CavityRock,Insulations,,,0.0343,0.0198,4.200,0.90,"255,175,215,157",Roxul CavityRock [R-4.2/in.],Manufacturer,,
"Roxul Comforboard 80
",Insulations,128.00,800.00,0.0343,0.0198,4.200,0.90,"255,175,215,157","Roxul Comforboard 80
 [R-4.2/in.]",Manufacturer,,
Roxul Comforboard IS,Insulations,128.00,800.00,0.0360,0.0208,4.006,0.90,"255,175,215,157",Roxul Comforboard IS [R-4.01/in.],ASHRAE HoF CH26,,
Roxul Comfortbatt 3.5in,Insulations,,,0.0336,0.0194,4.296,0.90,"255,175,215,157",Roxul Comfortbatt 3.5in [R-4.3/in.],Manufacturer,,
Roxul Comfortbatt 5.5in,Insulations,,,0.0344,0.0199,4.188,0.90,"255,175,215,157",Roxul Comfortbatt 5.5in [R-4.19/in.],Manufacturer,,
Roxul Comfortbatt 7.25in,Insulations,,,0.0348,0.0201,4.146,0.90,"255,175,215,157",Roxul Comfortbatt 7.25in [R-4.15/in.],Manufacturer,,
Roxul Comfortboard IS with Mild-Steel Stone Anchor 16in OC,Rainscreen Insulation,,,0.0441,0.0255,3.270,0.90,"255,225,255,175",Roxul Comfortboard IS with Mild-Steel Stone Anchor 16in OC [R-3.27/in.],PHIUS Fastener Correction Tool,,HB Concrete 2-Seal Stone Anchor
Roxul Comfortboard IS with SS Brick-Ties 16in OC,Rainscreen Insulation,,,0.0497,0.0287,2.900,0.90,"255,255,235,175",Roxul Comfortboard IS with SS Brick-Ties 16in OC [R-2.9/in.],PHIUS Fastener Correction Tool,,HB 213-2X Adjustable Veneer Anchor
Roxul CurtainRock,Insulations,,,0.0320,0.0185,4.507,0.90,"255,175,215,157",Roxul CurtainRock [R-4.51/in.],Manufacturer,,
Roxul SmartRock,Insulations,69.00,800.00,0.0343,0.0198,4.205,0.90,"255,175,215,157",Roxul SmartRock [R-4.2/in.],Manufacturer,,
Roxul TopRock,Insulations,,,0.0380,0.0219,3.800,0.90,"255,147,194,132",Roxul TopRock [R-3.8/in.],Manufacturer,,
Shoeck Isokorb (Typ),Insulations,,,0.2060,0.1190,0.700,0.90,,Shoeck Isokorb (Typ) [R-0.7/in.],,,
Siplast Paratherm CG,Insulations,,,0.0248,0.0143,5.812,0.90,"255,255,153,255",Siplast Paratherm CG [R-5.81/in.],Manufacturer,Siplast Paratherm CG.pdf (https://v5.airtableusercontent.com/v3/u/54/54/1780545600000/CWikxKUC9PTSpeh7h7_HdA/4ZL7Qa-xg_Zmdt7lwEWXw4BcK9Ad0D7YauKz3tDhrUiGu3SNqoaLedZIv_rdzuH6JSRwvi2NRFntbIduGbLJ52uiyXTcABz39hb7xr1MTYuvwEYqozALAPpgzf3xnW5KyiJuolsctHsuv8maN2mrbVETc16o0mctlwLhesFZFwk/GpoWeVS3kHoncYUzI4y39k0Px-9t1BVCj2mM99N6Tcs),Average R/inch for Emerson (46.5 total)
Softwood,Woods,400.00,1400.00,0.0900,0.0520,1.603,0.90,"255,255,128,0",Softwood [R-1.6/in.],WUFI-Passive Database,,
SoundSense Syncork,Insulations,,,0.0962,0.0556,1.500,0.90,"255,255,255,0",SoundSense Syncork [R-1.5/in.],,,
Sprayed Polyurethane Foam; closed cell,Insulations,,0.03,0.0250,0.0144,5.769,0.90,"255,200,200,120",Sprayed Polyurethane Foam; closed cell [R-5.77/in.],WUFI-Passive Database,,
Steel (Plain Carbon),Metals,,,60.0000,34.6674,0.002,0.90,"255,255,0,0",Steel (Plain Carbon) [R-0/in.],,,
"Steel (Rolled, Ground)",Metals,,,50.0000,28.8895,0.003,0.60,"255,255,0,0","Steel (Rolled, Ground) [R-0/in.]",,,
Steel (Stainless),Metals,,,14.3997,8.3200,0.010,0.90,"255,255,0,0",Steel (Stainless) [R-0.01/in.],,,
stl std w No Insul [0.75in],Stud_Layers_Stl,,,0.1082,0.0625,1.333,0.90,"255,185,235,255",stl std w No Insul [0.75in] [R-1.33/in.],ASHRAE 90.1 Table A3.1.4,,No Insulation
stl std w No Insul [1.0in],Stud_Layers_Stl,,,0.1442,0.0833,1.000,0.90,"255,185,235,255",stl std w No Insul [1.0in] [R-1/in.],ASHRAE 90.1 Table A3.1.4,,No Insulation
stl std w No Insul [1.5in],Stud_Layers_Stl,,,0.1967,0.1136,0.733,0.90,"255,185,235,255",stl std w No Insul [1.5in] [R-0.73/in.],ASHRAE 90.1 Table A3.1.4,,No Insulation
stl std w No Insul [2.0in],Stud_Layers_Stl,,,0.2622,0.1515,0.550,0.90,"255,185,235,255",stl std w No Insul [2.0in] [R-0.55/in.],ASHRAE 90.1 Table A3.1.4,,No Insulation
stl std w No Insul [2.5in],Stud_Layers_Stl,,,0.3005,0.1736,0.480,0.90,"255,185,235,255",stl std w No Insul [2.5in] [R-0.48/in.],ASHRAE 90.1 Table A3.1.4,,No Insulation
stl std w No Insul [3.0in],Stud_Layers_Stl,,,0.3606,0.2083,0.400,0.90,"255,185,235,255",stl std w No Insul [3.0in] [R-0.4/in.],ASHRAE 90.1 Table A3.1.4,,No Insulation
stl std w No Insul [3.5in],Stud_Layers_Stl,,,0.4207,0.2431,0.343,0.90,"255,185,235,255",stl std w No Insul [3.5in] [R-0.34/in.],ASHRAE 90.1 Table A3.1.4,,No Insulation
stl std w No Insul [4.0in],Stud_Layers_Stl,,,0.4808,0.2778,0.300,0.90,"255,185,235,255",stl std w No Insul [4.0in] [R-0.3/in.],ASHRAE 90.1 Table A3.1.4,,No Insulation
"stl std w No Insul [4.5in]
",Stud_Layers_Stl,,,0.5409,0.3125,0.267,0.90,"255,185,235,255","stl std w No Insul [4.5in]
 [R-0.27/in.]",ASHRAE 90.1 Table A3.1.4,,No Insulation
stl std w No Insul [5.0in],Stud_Layers_Stl,,,0.6009,0.3472,0.240,0.90,"255,185,235,255",stl std w No Insul [5.0in] [R-0.24/in.],ASHRAE 90.1 Table A3.1.4,,No Insulation
stl std w No Insul [5.5in],Stud_Layers_Stl,,,0.6102,0.3526,0.236,0.90,"255,185,235,255",stl std w No Insul [5.5in] [R-0.24/in.],ASHRAE 90.1 Table A3.1.4,,No Insulation
stl std w R-3/in [0.5in],Stud_Layers_Wd,,,0.0801,0.0463,1.801,0.90,"255,255,255,150",stl std w R-3/in [0.5in] [R-1.8/in.],ASHRAE 90.1 Table A3.1.4,,R-3/inch Insulation (Fiberglass)
stl std w R-3/in [1.0in],Stud_Layers_Stl,,,0.0901,0.0521,1.601,0.90,"255,255,255,150",stl std w R-3/in [1.0in] [R-1.6/in.],ASHRAE 90.1 Table A3.1.4,,R-3/inch Insulation (Fiberglass)
stl std w R-3/in [1.5in],Stud_Layers_Stl,,,0.1030,0.0595,1.400,0.90,"255,255,255,150",stl std w R-3/in [1.5in] [R-1.4/in.],ASHRAE 90.1 Table A3.1.4,,R-3/inch Insulation (Fiberglass)
stl std w R-3/in [2.0in],Stud_Layers_Stl,,,0.1068,0.0617,1.350,0.90,"255,255,255,150",stl std w R-3/in [2.0in] [R-1.35/in.],ASHRAE 90.1 Table A3.1.4,,R-3/inch Insulation (Fiberglass)
stl std w R-3/in [2.5in],Stud_Layers_Stl,,,0.1127,0.0651,1.280,0.90,"255,255,255,150",stl std w R-3/in [2.5in] [R-1.28/in.],ASHRAE 90.1 Table A3.1.4,,R-3/inch Insulation (Fiberglass)
stl std w R-3/in [3.0in],Stud_Layers_Stl,,,0.1139,0.0658,1.266,0.90,"255,255,255,150",stl std w R-3/in [3.0in] [R-1.27/in.],ASHRAE 90.1 Table A3.1.4,,R-3/inch Insulation (Fiberglass)
stl std w R-3/in [3.5in],Stud_Layers_Stl,,,0.1174,0.0678,1.229,0.90,"255,255,255,150",stl std w R-3/in [3.5in] [R-1.23/in.],ASHRAE 90.1 Table A3.1.4,,R-3/inch Insulation (Fiberglass)
stl std w R-3/in [4.0in],Stud_Layers_Stl,,,0.1154,0.0667,1.250,0.90,"255,255,255,150",stl std w R-3/in [4.0in] [R-1.25/in.],ASHRAE 90.1 Table A3.1.4,,R-3/inch Insulation (Fiberglass)
stl std w R-3/in [4.5in],Stud_Layers_Stl,,,0.1202,0.0695,1.200,0.90,"255,255,255,150",stl std w R-3/in [4.5in] [R-1.2/in.],ASHRAE 90.1 Table A3.1.4,,R-3/inch Insulation (Fiberglass)
stl std w R-3/in [5.0in],Stud_Layers_Stl,,,0.1182,0.0683,1.220,0.90,"255,255,255,150",stl std w R-3/in [5.0in] [R-1.22/in.],ASHRAE 90.1 Table A3.1.4,,R-3/inch Insulation (Fiberglass)
stl std w R-3/in [5.5in],Stud_Layers_Stl,,,0.1202,0.0695,1.200,0.90,"255,255,255,150",stl std w R-3/in [5.5in] [R-1.2/in.],ASHRAE 90.1 Table A3.1.4,,R-3/inch Insulation (Fiberglass)
stl std w R-4/in [0.5in],Stud_Layers_Stl,,,0.0656,0.0379,2.199,0.90,"255,255,255,150",stl std w R-4/in [0.5in] [R-2.2/in.],ASHRAE 90.1 Table A3.1.4,,R-4/inch Insulation (Min. Wool)
stl std w R-4/in [1.0in],Stud_Layers_Stl,,,0.0848,0.0490,1.701,0.90,"255,255,255,150",stl std w R-4/in [1.0in] [R-1.7/in.],ASHRAE 90.1 Table A3.1.4,,R-4/inch Insulation (Min. Wool)
stl std w R-4/in [1.5in],Stud_Layers_Stl,,,0.0941,0.0544,1.533,0.90,"255,255,255,150",stl std w R-4/in [1.5in] [R-1.53/in.],ASHRAE 90.1 Table A3.1.4,,R-4/inch Insulation (Min. Wool)
stl std w R-4/in [2.0in],Stud_Layers_Stl,,,0.0995,0.0575,1.450,0.90,"255,255,255,150",stl std w R-4/in [2.0in] [R-1.45/in.],ASHRAE 90.1 Table A3.1.4,,R-4/inch Insulation (Min. Wool)
stl std w R-4/in [2.5in],Stud_Layers_Stl,,,0.1002,0.0579,1.439,0.90,"255,255,255,150",stl std w R-4/in [2.5in] [R-1.44/in.],ASHRAE 90.1 Table A3.1.4,,R-4/inch Insulation (Min. Wool)
stl std w R-4/in [3.0in],Stud_Layers_Stl,,,0.1030,0.0595,1.400,0.90,"255,255,255,150",stl std w R-4/in [3.0in] [R-1.4/in.],ASHRAE 90.1 Table A3.1.4,,R-4/inch Insulation (Min. Wool)
stl std w R-4/in [3.5in],Stud_Layers_Stl,,,0.1052,0.0608,1.371,0.90,"255,255,255,150",stl std w R-4/in [3.5in] [R-1.37/in.],ASHRAE 90.1 Table A3.1.4,,R-4/inch Insulation (Min. Wool)
stl std w R-4/in [4.0in],Stud_Layers_Stl,,,0.1068,0.0617,1.350,0.90,"255,255,255,150",stl std w R-4/in [4.0in] [R-1.35/in.],ASHRAE 90.1 Table A3.1.4,,R-4/inch Insulation (Min. Wool)
stl std w R-4/in [4.5in],Stud_Layers_Stl,,,0.1082,0.0625,1.333,0.90,"255,255,255,150",stl std w R-4/in [4.5in] [R-1.33/in.],ASHRAE 90.1 Table A3.1.4,,R-4/inch Insulation (Min. Wool)
stl std w R-4/in [5.0in],Stud_Layers_Stl,,,0.1076,0.0622,1.340,0.90,"255,255,255,150",stl std w R-4/in [5.0in] [R-1.34/in.],ASHRAE 90.1 Table A3.1.4,,R-4/inch Insulation (Min. Wool)
stl std w R-4/in [5.5in],Stud_Layers_Stl,,,0.1087,0.0628,1.327,0.90,"255,255,255,150",stl std w R-4/in [5.5in] [R-1.33/in.],ASHRAE 90.1 Table A3.1.4,,R-4/inch Insulation (Min. Wool)
stl std w R-5/in [0.5in],Stud_Layers_Stl,,,0.0656,0.0379,2.200,0.90,"255,255,255,150",stl std w R-5/in [0.5in] [R-2.2/in.],ASHRAE 90.1 Table A3.1.4,,R-5/inch Insulation (XPS)
stl std w R-5/in [1.0in],Stud_Layers_Stl,,,0.0801,0.0463,1.800,0.90,"255,255,255,150",stl std w R-5/in [1.0in] [R-1.8/in.],ASHRAE 90.1 Table A3.1.4,,R-5/inch Insulation (XPS)
stl std w R-5/in [1.5in],Stud_Layers_Stl,,,0.0901,0.0521,1.600,0.90,"255,255,255,150",stl std w R-5/in [1.5in] [R-1.6/in.],ASHRAE 90.1 Table A3.1.4,,R-5/inch Insulation (XPS)
stl std w R-5/in [2.0in],Stud_Layers_Stl,,,0.0931,0.0538,1.550,0.90,"255,255,255,150",stl std w R-5/in [2.0in] [R-1.55/in.],ASHRAE 90.1 Table A3.1.4,,R-5/inch Insulation (XPS)
stl std w R-5/in [2.5in],Stud_Layers_Stl,,,0.0975,0.0563,1.480,0.90,"255,255,255,150",stl std w R-5/in [2.5in] [R-1.48/in.],ASHRAE 90.1 Table A3.1.4,,R-5/inch Insulation (XPS)
stl std w R-5/in [3.0in],Stud_Layers_Stl,,,0.0983,0.0568,1.467,0.90,"255,255,255,150",stl std w R-5/in [3.0in] [R-1.47/in.],ASHRAE 90.1 Table A3.1.4,,R-5/inch Insulation (XPS)
stl std w R-5/in [3.5in],Stud_Layers_Stl,,,0.0990,0.0572,1.457,0.90,"255,255,255,150",stl std w R-5/in [3.5in] [R-1.46/in.],ASHRAE 90.1 Table A3.1.4,,R-5/inch Insulation (XPS)
stl std w R-5/in [4.0in],Stud_Layers_Stl,,,0.0995,0.0575,1.450,0.90,"255,255,255,150",stl std w R-5/in [4.0in] [R-1.45/in.],ASHRAE 90.1 Table A3.1.4,,R-5/inch Insulation (XPS)
stl std w R-5/in [5.0in],Stud_Layers_Stl,,,0.1016,0.0587,1.420,0.90,"255,255,255,150",stl std w R-5/in [5.0in] [R-1.42/in.],ASHRAE 90.1 Table A3.1.4,,R-5/inch Insulation (XPS)
stl std w R-5/in [5.5in],Stud_Layers_Stl,,,0.1016,0.0587,1.420,0.90,"255,255,255,150",stl std w R-5/in [5.5in] [R-1.42/in.],ASHRAE 90.1 Table A3.1.4,,R-5/inch Insulation (XPS)
stl std w R-5/in[4.5in],Stud_Layers_Stl,,,0.1014,0.0586,1.422,0.90,"255,255,255,150",stl std w R-5/in[4.5in] [R-1.42/in.],ASHRAE 90.1 Table A3.1.4,,R-5/inch Insulation (XPS)
stl std w R-6/in [0.5in],Stud_Layers_Stl,,,0.0656,0.0379,2.200,0.90,"255,255,255,150",stl std w R-6/in [0.5in] [R-2.2/in.],ASHRAE 90.1 Table A3.1.4,,R-6/inch Insulation (Spray)
stl std w R-6/in [1.0in],Stud_Layers_Stl,,,0.0801,0.0463,1.800,0.90,"255,255,255,150",stl std w R-6/in [1.0in] [R-1.8/in.],ASHRAE 90.1 Table A3.1.4,,R-6/inch Insulation (Spray)
stl std w R-6/in [1.5in],Stud_Layers_Stl,,,0.0865,0.0500,1.667,0.90,"255,255,255,150",stl std w R-6/in [1.5in] [R-1.67/in.],ASHRAE 90.1 Table A3.1.4,,R-6/inch Insulation (Spray)
stl std w R-6/in [2.0in],Stud_Layers_Stl,,,0.0901,0.0521,1.600,0.90,"255,255,255,150",stl std w R-6/in [2.0in] [R-1.6/in.],ASHRAE 90.1 Table A3.1.4,,R-6/inch Insulation (Spray)
stl std w R-6/in [2.5in],Stud_Layers_Stl,,,0.0925,0.0534,1.560,0.90,"255,255,255,150",stl std w R-6/in [2.5in] [R-1.56/in.],ASHRAE 90.1 Table A3.1.4,,R-6/inch Insulation (Spray)
stl std w R-6/in [3.0in],Stud_Layers_Stl,,,0.0941,0.0544,1.533,0.90,"255,255,255,150",stl std w R-6/in [3.0in] [R-1.53/in.],ASHRAE 90.1 Table A3.1.4,,R-6/inch Insulation (Spray)
stl std w R-6/in [3.5in],Stud_Layers_Stl,,,0.0953,0.0550,1.514,0.90,"255,255,255,150",stl std w R-6/in [3.5in] [R-1.51/in.],ASHRAE 90.1 Table A3.1.4,,R-6/inch Insulation (Spray)
stl std w R-6/in [4.0in],Stud_Layers_Stl,,,0.0962,0.0556,1.500,0.90,"255,255,255,150",stl std w R-6/in [4.0in] [R-1.5/in.],ASHRAE 90.1 Table A3.1.4,,R-6/inch Insulation (Spray)
stl std w R-6/in [4.5in],Stud_Layers_Stl,,,0.0962,0.0556,1.500,0.90,"255,255,255,150",stl std w R-6/in [4.5in] [R-1.5/in.],ASHRAE 90.1 Table A3.1.4,,R-6/inch Insulation (Spray)
stl std w R-6/in [5.0in],Stud_Layers_Stl,,,0.0962,0.0556,1.500,0.90,"255,255,255,150",stl std w R-6/in [5.0in] [R-1.5/in.],ASHRAE 90.1 Table A3.1.4,,R-6/inch Insulation (Spray)
stl std w R-6/in [5.5in],Stud_Layers_Stl,,,0.0962,0.0556,1.500,0.90,"255,255,255,150",stl std w R-6/in [5.5in] [R-1.5/in.],ASHRAE 90.1 Table A3.1.4,,R-6/inch Insulation (Spray)
STO-GPS,Insulations,,,0.0307,0.0177,4.700,0.90,"255,225,225,175",STO-GPS [R-4.7/in.],Manufacturer,,
Stone,Masonry,,,1.4365,0.8300,0.100,0.90,"255,130,0,255",Stone [R-0.1/in.],,,
Stora Enso CLT,Woods,410.00,1300.00,0.0980,0.0566,1.472,0.90,"255,128,64,0",Stora Enso CLT [R-1.47/in.],WUFI-Passive Database,,
Stucco,Finishes,1795.00,840.00,0.7217,0.4170,0.200,0.90,"255,245,145,140",Stucco [R-0.2/in.],,,
ThermaFiber Versaboard,Insulations,,,0.0343,0.0198,4.200,0.90,"255,175,215,157",ThermaFiber Versaboard [R-4.2/in.],Manufacturer,,
"TimberBatt 3.5in
",Insulations,,,0.0361,0.0208,4.000,0.90,"255,199,198,135","TimberBatt 3.5in
 [R-4/in.]",Manufacturer,TimberBatt_Sell_Sheet.pdf (https://v5.airtableusercontent.com/v3/u/54/54/1780545600000/GCmIZgs7_b8I0phmLeE0Tg/kr9-MLCvejmBIzxAU4HeyB_AbZ5JaCJMVm0P5uauK-7gn2wFi_LoA-cAUTN5XpVGV9sShhx-P4sSGuWDi2PAoiI693CAteJb9op-E6RLccU7mliL6BJwbbqlU5HHJ3Y6sMD_P9RKvwNWehHAUb1RXbxz7X6oT4qAazWfrHnUp1I/fTcbMlW5cWdpB9V1hPgggGZvh0Dm9H9d1Y1CpOY7vJk),"R-4.0 for 3.5"" thickness"
TimberBatt 5.5in,Insulations,,,0.0361,0.0208,4.000,0.90,"255,199,198,135",TimberBatt 5.5in [R-4/in.],Manufacturer,TimberBatt_Sell_Sheet.pdf (https://v5.airtableusercontent.com/v3/u/54/54/1780545600000/GCmIZgs7_b8I0phmLeE0Tg/kr9-MLCvejmBIzxAU4HeyB_AbZ5JaCJMVm0P5uauK-7gn2wFi_LoA-cAUTN5XpVGV9sShhx-P4sSGuWDi2PAoiI693CAteJb9op-E6RLccU7mliL6BJwbbqlU5HHJ3Y6sMD_P9RKvwNWehHAUb1RXbxz7X6oT4qAazWfrHnUp1I/fTcbMlW5cWdpB9V1hPgggGZvh0Dm9H9d1Y1CpOY7vJk),"R-4.0 for 5.5"" thickness"
TimberBatt 7.25in,Insulations,,,0.0390,0.0225,3.700,0.90,"255,199,198,135",TimberBatt 7.25in [R-3.7/in.],Manufacturer,TimberBatt_Sell_Sheet.pdf (https://v5.airtableusercontent.com/v3/u/54/54/1780545600000/6LefNgfCgx2C3x9MKDvyoA/74uHD9JzISMRU_0rOcs14VZkaPUhXASuNebiVmwuiNbVGl3_-gV9yx3le8iYrfgZwAma2bNXBz8XwKpq3D6rgxHtfyQ9ZMh8lTNLWFHg1E4JQtdowkx4zX9gSufwok-iRiwkaznKC3AxJ4GQvYIM23pfLPFmQOTcOp8sGrgR3sA/LpnxjACEhAX7OkI67c8MmxeupkrQ9KRDil-IBs0PhEA),"R-3.7 for 7.25"" thickness"
Vinyl Siding,Finishes,1400.00,1000.00,0.1700,0.0982,0.848,0.90,,Vinyl Siding [R-0.85/in.],ASHRAE HoF,,
wd std w R-3/in [0.5in],Stud_Layers_Wd,,,0.0555,0.0321,2.599,0.90,"255,255,255,150",wd std w R-3/in [0.5in] [R-2.6/in.],ASHRAE 90.1 Table A3.1.4,,R-3/inch Insulation (Fiberglass)
wd std w R-3/in [1.0in],Stud_Layers_Wd,,,0.0497,0.0287,2.902,0.90,"255,255,255,150",wd std w R-3/in [1.0in] [R-2.9/in.],ASHRAE 90.1 Table A3.1.4,,R-3/inch Insulation (Fiberglass)
wd std w R-3/in [1.5in],Stud_Layers_Wd,,,0.0569,0.0329,2.535,0.90,"255,255,255,150",wd std w R-3/in [1.5in] [R-2.53/in.],ASHRAE 90.1 Table A3.1.4,,R-3/inch Insulation (Fiberglass)
wd std w R-3/in [2.0in],Stud_Layers_Wd,,,0.0544,0.0314,2.651,0.90,"255,255,255,150",wd std w R-3/in [2.0in] [R-2.65/in.],ASHRAE 90.1 Table A3.1.4,,R-3/inch Insulation (Fiberglass)
wd std w R-3/in [2.5in],Stud_Layers_Wd,,,0.0572,0.0330,2.521,0.90,"255,255,255,150",wd std w R-3/in [2.5in] [R-2.52/in.],ASHRAE 90.1 Table A3.1.4,,R-3/inch Insulation (Fiberglass)
wd std w R-3/in [3.0in],Stud_Layers_Wd,,,0.0555,0.0321,2.599,0.90,"255,255,255,150",wd std w R-3/in [3.0in] [R-2.6/in.],ASHRAE 90.1 Table A3.1.4,,R-3/inch Insulation (Fiberglass)
wd std w R-3/in [3.5in],Stud_Layers_Wd,,,0.0580,0.0335,2.487,0.90,"255,255,255,150",wd std w R-3/in [3.5in] [R-2.49/in.],ASHRAE 90.1 Table A3.1.4,,R-3/inch Insulation (Fiberglass)
wd std w R-3/in [4.0in],Stud_Layers_Wd,,,0.0566,0.0327,2.548,0.90,"255,255,255,150",wd std w R-3/in [4.0in] [R-2.55/in.],ASHRAE 90.1 Table A3.1.4,,R-3/inch Insulation (Fiberglass)
wd std w R-3/in [4.5in],Stud_Layers_Wd,,,0.0579,0.0335,2.491,0.90,"255,255,255,150",wd std w R-3/in [4.5in] [R-2.49/in.],ASHRAE 90.1 Table A3.1.4,,R-3/inch Insulation (Fiberglass)
wd std w R-3/in [5.0in],Stud_Layers_Wd,,,0.0568,0.0328,2.539,0.90,"255,255,255,150",wd std w R-3/in [5.0in] [R-2.54/in.],ASHRAE 90.1 Table A3.1.4,,R-3/inch Insulation (Fiberglass)
wd std w R-3/in [5.5in],Stud_Layers_Wd,,,0.0583,0.0337,2.474,0.90,"255,255,255,150",wd std w R-3/in [5.5in] [R-2.47/in.],ASHRAE 90.1 Table A3.1.4,,R-3/inch Insulation (Fiberglass)
wd std w R-4/in [0.5in],Stud_Layers_Wd,,,0.0380,0.0220,3.795,0.90,"255,255,255,150",wd std w R-4/in [0.5in] [R-3.8/in.],ASHRAE 90.1 Table A3.1.4,,R-4/inch Insulation (Min. Wool)
wd std w R-4/in [1.0in],Stud_Layers_Wd,,,0.0424,0.0245,3.402,0.90,"255,255,255,150",wd std w R-4/in [1.0in] [R-3.4/in.],ASHRAE 90.1 Table A3.1.4,,R-4/inch Insulation (Min. Wool)
wd std w R-4/in [1.5in],Stud_Layers_Wd,,,0.0442,0.0255,3.263,0.90,"255,255,255,150",wd std w R-4/in [1.5in] [R-3.26/in.],ASHRAE 90.1 Table A3.1.4,,R-4/inch Insulation (Min. Wool)
wd std w R-4/in [2.0in],Stud_Layers_Wd,,,0.0451,0.0261,3.198,0.90,"255,255,255,150",wd std w R-4/in [2.0in] [R-3.2/in.],ASHRAE 90.1 Table A3.1.4,,R-4/inch Insulation (Min. Wool)
wd std w R-4/in [2.5in],Stud_Layers_Wd,,,0.0456,0.0263,3.163,0.90,"255,255,255,150",wd std w R-4/in [2.5in] [R-3.16/in.],ASHRAE 90.1 Table A3.1.4,,R-4/inch Insulation (Min. Wool)
wd std w R-4/in [3.0in],Stud_Layers_Wd,,,0.0460,0.0266,3.135,0.90,"255,255,255,150",wd std w R-4/in [3.0in] [R-3.14/in.],ASHRAE 90.1 Table A3.1.4,,R-4/inch Insulation (Min. Wool)
wd std w R-4/in [3.5in],Stud_Layers_Wd,,,0.0463,0.0268,3.115,0.90,"255,255,255,150",wd std w R-4/in [3.5in] [R-3.12/in.],ASHRAE 90.1 Table A3.1.4,,R-4/inch Insulation (Min. Wool)
wd std w R-4/in [4.5in],Stud_Layers_Wd,,,0.0470,0.0272,3.069,0.90,"255,255,255,150",wd std w R-4/in [4.5in] [R-3.07/in.],ASHRAE 90.1 Table A3.1.4,,R-4/inch Insulation (Min. Wool)
wd std w R-4/in [5.0in],Stud_Layers_Wd,,,0.0471,0.0272,3.062,0.90,"255,255,255,150",wd std w R-4/in [5.0in] [R-3.06/in.],ASHRAE 90.1 Table A3.1.4,,R-4/inch Insulation (Min. Wool)
wd std w R-4/in [5.5in],Stud_Layers_Wd,,,0.0472,0.0273,3.056,0.90,"255,255,255,150",wd std w R-4/in [5.5in] [R-3.06/in.],ASHRAE 90.1 Table A3.1.4,,R-4/inch Insulation (Min. Wool)
wd std w R-4/in[4.0in],Stud_Layers_Wd,,,0.0465,0.0269,3.102,0.90,"255,255,255,150",wd std w R-4/in[4.0in] [R-3.1/in.],ASHRAE 90.1 Table A3.1.4,,R-4/inch Insulation (Min. Wool)
wd std w R-5/in [0.5in],Stud_Layers_Wd,,,0.0301,0.0174,4.800,0.90,"255,255,255,150",wd std w R-5/in [0.5in] [R-4.8/in.],ASHRAE 90.1 Table A3.1.4,,R-5/inch Insulation (XPS)
wd std w R-5/in [1.0in],Stud_Layers_Wd,,,0.0370,0.0214,3.900,0.90,"255,255,255,150",wd std w R-5/in [1.0in] [R-3.9/in.],ASHRAE 90.1 Table A3.1.4,,R-5/inch Insulation (XPS)
wd std w R-5/in [1.5in],Stud_Layers_Wd,,,0.0401,0.0231,3.600,0.90,"255,255,255,150",wd std w R-5/in [1.5in] [R-3.6/in.],ASHRAE 90.1 Table A3.1.4,,R-5/inch Insulation (XPS)
wd std w R-5/in [2.0in],Stud_Layers_Wd,,,0.0395,0.0228,3.650,0.90,"255,255,255,150",wd std w R-5/in [2.0in] [R-3.65/in.],ASHRAE 90.1 Table A3.1.4,,R-5/inch Insulation (XPS)
wd std w R-5/in [2.5in],Stud_Layers_Wd,,,0.0410,0.0237,3.520,0.90,"255,255,255,150",wd std w R-5/in [2.5in] [R-3.52/in.],ASHRAE 90.1 Table A3.1.4,,R-5/inch Insulation (XPS)
wd std w R-5/in [3.0in],Stud_Layers_Wd,,,0.0404,0.0234,3.567,0.90,"255,255,255,150",wd std w R-5/in [3.0in] [R-3.57/in.],ASHRAE 90.1 Table A3.1.4,,R-5/inch Insulation (XPS)
wd std w R-5/in [3.5in],Stud_Layers_Wd,,,0.0414,0.0239,3.486,0.90,"255,255,255,150",wd std w R-5/in [3.5in] [R-3.49/in.],ASHRAE 90.1 Table A3.1.4,,R-5/inch Insulation (XPS)
wd std w R-5/in [4.0in],Stud_Layers_Wd,,,0.0406,0.0235,3.550,0.90,"255,255,255,150",wd std w R-5/in [4.0in] [R-3.55/in.],ASHRAE 90.1 Table A3.1.4,,R-5/inch Insulation (XPS)
wd std w R-5/in [4.5in],Stud_Layers_Wd,,,0.0413,0.0239,3.489,0.90,"255,255,255,150",wd std w R-5/in [4.5in] [R-3.49/in.],ASHRAE 90.1 Table A3.1.4,,R-5/inch Insulation (XPS)
wd std w R-5/in [5.0in],Stud_Layers_Wd,,,0.0410,0.0237,3.520,0.90,"255,255,255,150",wd std w R-5/in [5.0in] [R-3.52/in.],ASHRAE 90.1 Table A3.1.4,,R-5/inch Insulation (XPS)
wd std w R-5/in [5.5in],Stud_Layers_Wd,,,0.0410,0.0237,3.520,0.90,"255,255,255,150",wd std w R-5/in [5.5in] [R-3.52/in.],ASHRAE 90.1 Table A3.1.4,,R-5/inch Insulation (XPS)
wd std w R-6/in [0.5in],Stud_Layers_Wd,,,0.0300,0.0174,4.800,0.90,"255,255,255,150",wd std w R-6/in [0.5in] [R-4.8/in.],ASHRAE 90.1 Table A3.1.4,,R-6/inch Insulation (Spray)
wd std w R-6/in [1.0in],Stud_Layers_Wd,,,0.0335,0.0194,4.300,0.90,"255,255,255,150",wd std w R-6/in [1.0in] [R-4.3/in.],ASHRAE 90.1 Table A3.1.4,,R-6/inch Insulation (Spray)
wd std w R-6/in [1.5in],Stud_Layers_Wd,,,0.0349,0.0202,4.133,0.90,"255,255,255,150",wd std w R-6/in [1.5in] [R-4.13/in.],ASHRAE 90.1 Table A3.1.4,,R-6/inch Insulation (Spray)
wd std w R-6/in [2.0in],Stud_Layers_Wd,,,0.0356,0.0206,4.050,0.90,"255,255,255,150",wd std w R-6/in [2.0in] [R-4.05/in.],ASHRAE 90.1 Table A3.1.4,,R-6/inch Insulation (Spray)
wd std w R-6/in [2.5in],Stud_Layers_Wd,,,0.0361,0.0208,4.000,0.90,"255,255,255,150",wd std w R-6/in [2.5in] [R-4/in.],ASHRAE 90.1 Table A3.1.4,,R-6/inch Insulation (Spray)
wd std w R-6/in [3.0in],Stud_Layers_Wd,,,0.0364,0.0210,3.967,0.90,"255,255,255,150",wd std w R-6/in [3.0in] [R-3.97/in.],ASHRAE 90.1 Table A3.1.4,,R-6/inch Insulation (Spray)
wd std w R-6/in [3.5in],Stud_Layers_Wd,,,0.0366,0.0211,3.943,0.90,"255,255,255,150",wd std w R-6/in [3.5in] [R-3.94/in.],ASHRAE 90.1 Table A3.1.4,,R-6/inch Insulation (Spray)
wd std w R-6/in [4.0in],Stud_Layers_Wd,,,0.0367,0.0212,3.925,0.90,"255,255,255,150",wd std w R-6/in [4.0in] [R-3.92/in.],ASHRAE 90.1 Table A3.1.4,,R-6/inch Insulation (Spray)
wd std w R-6/in [4.5in],Stud_Layers_Wd,,,0.0367,0.0212,3.925,0.90,"255,255,255,150",wd std w R-6/in [4.5in] [R-3.92/in.],ASHRAE 90.1 Table A3.1.4,,R-6/inch Insulation (Spray)
wd std w R-6/in [5.0in],Stud_Layers_Wd,,,0.0367,0.0212,3.925,0.90,"255,255,255,150",wd std w R-6/in [5.0in] [R-3.92/in.],ASHRAE 90.1 Table A3.1.4,,R-6/inch Insulation (Spray)
wd std w R-6/in [5.5in],Stud_Layers_Wd,,,0.0367,0.0212,3.925,0.90,"255,255,255,150",wd std w R-6/in [5.5in] [R-3.92/in.],ASHRAE 90.1 Table A3.1.4,,R-6/inch Insulation (Spray)
Wood-Fibre Insulation Board,Insulations,,,0.0420,0.0243,3.434,0.90,"255,130,130,0",Wood-Fibre Insulation Board [R-3.43/in.],WUFI-Passive Database,,
"Wood, Coniferous (Softwood)",Woods,400.00,1400.00,0.1402,0.0810,1.029,0.90,"255,255,130,0","Wood, Coniferous (Softwood) [R-1.03/in.]",,,
"Wood, Deciduous (Hardwood)",Woods,650.00,1400.00,0.1592,0.0920,0.906,0.90,"255,255,130,0","Wood, Deciduous (Hardwood) [R-0.91/in.]",,,
XPS,Insulations,40.00,1500.00,0.0289,0.0167,4.999,0.90,"255,232,189,174",XPS [R-5/in.],,,
"XPS Core (heat cond.: 0,03 W/mK)",Insulations,40.00,1500.00,0.0300,0.0173,4.808,0.90,"255,232,189,174","XPS Core (heat cond.: 0,03 W/mK) [R-4.81/in.]",WUFI-Passive Database,,
XPS with SS Screw 16in OC,Rainscreen Insulation,,,0.0306,0.0177,4.710,0.90,"255,255,235,175",XPS with SS Screw 16in OC [R-4.71/in.],PHIUS Fastener Correction Tool,,"GRK R4 SS Screw #10 (0.124"" diam.)"
Zip R [OSB],Woods,595.00,1400.00,0.1298,0.0750,1.111,0.90,"255,128,128,0",Zip R [OSB] [R-1.11/in.],,,
Zip-R [EnergyShield CGF],Insulations,,,0.0240,0.0139,6.009,0.90,"255,128,64,64",Zip-R [EnergyShield CGF] [R-6.01/in.],,,